{"in_hist": [0.7617091732118917, 0.3062615637863371, 0.11165296960890468, 0.06265561379650916, 0.01517063662313974, 0.0027015026690373153, 0.00048398371171203203, 0.00016052641384199008, 4.98209252019172e-05], "x_in": [1.2704945458269181, 1.957818236124976, 3.016976545309544, 4.649127946097483, 7.164255450639226, 11.04003949925659, 17.01258043978189, 26.21620087858732, 40.39887957850879], "out_hist": [0.8993052844156405, 0.13935417030511998, 0.016113706938143076, 0.006460335306133427, 0.0014450677391728206, 0.0003987991572533277, 0.00015258686072329867, 4.2663874900493695e-05, 2.018751139954932e-05], "x_out": [1.394122141268121, 2.4930309482799005, 4.458148339447438, 7.972258278715321, 14.256345285814895, 25.493827947220993, 45.5891920665806, 81.52461205850936, 145.78592139961455]}