{"in_hist": [0.744275249373256, 0.29711347689849177, 0.10671122783163217, 0.058580575740015496, 0.01567615590351781, 0.0019215847343241155, 0.0004944624580724745, 0.00012087339276382052, 2.4555125270730158e-05], "x_in": [1.2772419130928083, 1.9854518960291456, 3.0863528600468735, 4.797685602844585, 7.457924672745499, 11.593223280693534, 18.021478083196655, 28.01409620428777, 43.547459454773204], "out_hist": [0.9098272885879266, 0.13447046953460826, 0.015550944588535403, 0.0067328251184137515, 0.0015643053280471012, 0.0003729058628526288, 0.0001420020748583379, 4.7024967391006246e-05, 1.90538040667861e-05], "x_out": [1.3935896074644343, 2.4905943806013178, 4.451138509829315, 7.954982227536409, 14.216978892181622, 25.408289175189445, 45.40916630080072, 81.15431818003947, 145.0373106530906]}