{"in_hist": [0.7556949767449768, 0.2959402833698854, 0.10662200933955564, 0.06015283844668612, 0.014136662868431793, 0.0025926017719717117, 0.0005976361271968373, 0.00018284194154527856, 2.9467873359938542e-05], "x_in": [1.2755986464985773, 1.9787051673994278, 3.069362099309475, 4.761186179676921, 7.385539113370305, 11.456428279984625, 17.7711805353282, 27.56660713976483, 42.76124637231925], "out_hist": [0.900236004395054, 0.13517162201246707, 0.014965850527944934, 0.006376465622933273, 0.001464710094682715, 0.00036275912399434657, 0.00012634194245479512, 4.380687314782459e-05, 1.8308497557580032e-05], "x_out": [1.3972651840365211, 2.507434805004705, 4.49966790354425, 8.074790699153716, 14.490457125465095, 26.003565358907508, 46.664187714731696, 83.74030195554701, 150.2745148908354]}