{"in_hist": [0.4081921116249118, 0.2838688800681239, 0.06678477027188166, 0.0206885322224948, 0.0019549254163520424, 0.00040242673846266255, 7.635064295275301e-05, 1.1672336889612596e-05, 7.633454987018033e-06], "x_in": [1.3919765947643585, 2.4832210859791997, 4.429950176637558, 7.902823747065874, 14.098267629861454, 25.150649505120803, 44.867581403379106, 80.0416649509975, 142.79058348452088], "out_hist": [0.7260167849674237, 0.029756609255271668, 0.009718232524995396, 0.0017788202100798103, 0.0004801839821835563, 0.00016486806177048338, 2.1828097203931168e-05, 6.637672669725472e-06, 8.253175755611138e-07], "x_out": [1.5723423913859547, 3.3721788001126503, 7.232260557387637, 15.51091916247075, 33.26603229455622, 71.34515324533362, 153.01286448979693, 328.1643620396077, 703.809113514398]}