{"in_hist": [0.40862849344037666, 0.2852003470930124, 0.06498655385061063, 0.019097002837337236, 0.001975243890718645, 0.00035984043121544237, 6.135447531677705e-05, 1.5239808961113313e-05, 7.452523779969909e-06], "x_in": [1.3946521497062552, 2.495457087654303, 4.465132095939267, 7.989480056708924, 14.295611015539787, 25.57919825283419, 45.7689694093212, 81.89461374377808, 146.53438447046904], "out_hist": [0.7327089822030638, 0.03192184121997796, 0.00853965860582684, 0.002029316114488506, 0.0005160900689214438, 0.00015482238459995376, 2.6826554534577444e-05, 7.912984159055655e-06, 4.361256322070404e-07], "x_out": [1.567283420283052, 3.3454712187052316, 7.141131929516458, 15.24322342085367, 32.53767925749486, 69.45385121202405, 148.25388774679843, 316.45783276932536, 675.5003962668153]}