{"in_hist": [0.41930374498483663, 0.2823259025557946, 0.06997752496652786, 0.01979852514769799, 0.0023602639082061262, 0.0004577679345863845, 8.232643326099195e-05, 1.4106136977972774e-05, 7.941575868629142e-06], "x_in": [1.3881195125072665, 2.4656320494995563, 4.3795518676476775, 7.779130939391088, 13.817595955244414, 24.543353167588094, 43.59486170098403, 77.43489464339929, 137.54288176349468], "out_hist": [0.7334974584252474, 0.029508190671635025, 0.008593929646868803, 0.001877405636921781, 0.0005340852207505211, 0.00016026225193409012, 2.2746474381574457e-05, 7.527494947141001e-06, 6.206139121231433e-07], "x_out": [1.5702156649338832, 3.3609388038736308, 7.193858713579416, 15.397960573187607, 32.958277226919385, 70.54492915496559, 150.99657652659033, 323.1978031002898, 691.7827035002937]}