{"in_hist": [0.3083437255682342, 0.24992812035622372, 0.0952472889127143, 0.014796315190909038, 0.0012991326093525807, 0.0002806249628617899, 6.447971958904395e-05, 1.1729036522886887e-05, 2.4002366319364922e-06], "x_in": [1.4162406401018046, 2.595234461250134, 4.75571856798017, 8.71476524974038, 15.969644181518177, 29.26407401414455, 53.62586781341278, 98.26839890275218, 180.0750014248743], "out_hist": [0.7238287169979546, 0.029223627549722932, 0.008681764890560252, 0.0015710811395010646, 0.0003492841044568813, 0.0001521050207434672, 3.343481223127093e-05, 6.281113498282202e-06, 2.1344514690192485e-06], "x_out": [1.5790008500068504, 3.407486518637862, 7.353361699994273, 15.86856704940328, 34.244394669393685, 73.89946191249166, 159.47516443725473, 344.1476759655603, 742.6712697894436]}