{"in_hist": [0.3085218301390583, 0.2592513968440009, 0.09814285012062249, 0.01455206837475107, 0.0018932657932539964, 0.00030416244697171454, 7.089032270637315e-05, 1.559697254166202e-05, 3.431576316459467e-06], "x_in": [1.4090267039582678, 2.561685800976732, 4.657281600477147, 8.467186685374454, 15.393797608810544, 27.98674620347542, 50.88139931172364, 92.50510141824125, 168.17921488309827], "out_hist": [0.7176916284235757, 0.027511502117841494, 0.008152608302979744, 0.0014650519698535484, 0.0003764649116050589, 0.00012391006957917147, 3.435408091837658e-05, 5.008810708336009e-06, 1.7716913155256344e-06], "x_out": [1.5873596546815822, 3.4520616919400817, 7.507265218574972, 16.326194631345466, 35.504890713208205, 77.21317141084282, 167.9169748043277, 365.1722874768194, 794.1472248201553]}