{"in_hist": [0.30778574108131135, 0.2558950574987686, 0.09782627280016148, 0.014969264032424991, 0.0013284269532729347, 0.00024115049141628967, 7.989546876994515e-05, 1.057546394113971e-05, 4.142367545834327e-06], "x_in": [1.4117856795078692, 2.574491930219122, 4.694769747964735, 8.561247649562024, 15.612046011182112, 28.469679961627598, 51.91649297836836, 94.67342965589421, 172.6437547802799], "out_hist": [0.7184720761231218, 0.028989053710815803, 0.008633140160306226, 0.0015010455712184596, 0.000348223996110357, 0.00012186389251882088, 3.492260528130098e-05, 5.501010606694373e-06, 1.6313555476630857e-06], "x_out": [1.583872846269539, 3.4334335400304026, 7.442810767020103, 16.134120980591298, 34.974671258581154, 75.8161929687596, 164.35022573274014, 356.26949389997253, 772.3016607847428]}