{"mod": [-0.0009225361765923803, -0.0007103698559276983, -0.000498203535263016, -0.00028603721459833395, -7.38708939336519e-05, 0.00013829542673103026, 0.0003504617473957124, 0.0005626280680603945, 0.0007747943887250765, 0.0009869607093897586], "dens": [117.83208532663963, 212.09775358795122, 777.6917631558211, 754.1253460904935, 966.223099678445, 1131.1880191357393, 353.4962559799189, 282.7970047839351, 94.26566826131169, 23.566417065327922]}