{"mod": [-0.00084498250512584, -0.0006513578934694236, -0.0004577332818130071, -0.0002641086701565907, -7.048405850017432e-05, 0.00012314055315624216, 0.00031676516481265863, 0.000510389776469075, 0.0007040143881254914, 0.0008976389997819078], "dens": [77.46949043139851, 180.76214433992976, 619.7559234511878, 1058.7497025624464, 1342.8045008109077, 929.6338851767811, 568.1095964969223, 180.76214433992985, 154.93898086279702, 51.64632695426562]}