{"in_hist": [0.4147594979845272, 0.18266914409807145, 0.042873200357397785, 0.008080427079050826, 0.0012746078324995778, 0.00020736878123343491, 3.789372179184526e-05, 2.137204791459248e-06, 1.084844584850833e-06], "x_in": [1.4850280958691948, 2.925588795172578, 5.763574320410193, 11.354565276468481, 22.36913162740445, 44.06844626637918, 86.8173154273708, 171.03498980779668, 336.9485406747624], "out_hist": [0.7542045761598075, 0.03875734760245604, 0.009529450989883512, 0.001583096309150172, 0.00027695121168528963, 4.838349871113926e-05, 1.1471410880439512e-05, 7.770846973705903e-07, 0.0], "x_out": [1.5544365295475653, 3.2781093192361928, 6.913116428105887, 14.578884989620464, 30.745017786256987, 64.83733971083798, 136.73371893958512, 288.3540561415766, 608.1021004777756]}