{"in_hist": [0.4064488875447976, 0.18226202577870038, 0.04276420189388901, 0.008184832695775602, 0.001253529067844909, 0.00017663144319289776, 3.656165655349886e-05, 2.0555184249501956e-06, 2.08012478330381e-06], "x_in": [1.4881707296835662, 2.941133511690269, 5.812684096687525, 11.487848570487543, 22.70391140878597, 44.87068140698216, 88.67978797467278, 175.26154158223264, 346.3766508615629], "out_hist": [0.7489014373533479, 0.035544230596466476, 0.01016954211249811, 0.0018283568205734303, 0.00020352174174552388, 4.638716345306179e-05, 1.0950269020790076e-05, 7.385564866391647e-07, 0.0], "x_out": [1.5590416400955889, 3.302180031008298, 6.99429231185986, 14.81449360252007, 31.37833120399693, 66.46191868348699, 140.77187873291945, 298.16656266529674, 631.5416110934401]}