{"in_hist": [0.41961802437692175, 0.18171509790861176, 0.04382173382275665, 0.008355355198490493, 0.0016844189871199609, 0.0001936790016517875, 3.8645769260466586e-05, 2.1895970153304746e-06, 0.0], "x_in": [1.4805398738237634, 2.9034567621404075, 5.693910254403817, 11.166212084833903, 21.897832377504834, 42.943395592905034, 84.21542339246214, 165.1531612545193, 323.87851979620393], "out_hist": [0.7529614225516845, 0.03831848717397849, 0.00959617108818334, 0.001614849461134661, 0.00026205587481373455, 4.696821988778609e-05, 9.534791574058687e-06, 7.527380027100127e-07, 0.0], "x_out": [1.5555677561705235, 3.2840143319042703, 6.932999279120062, 14.63650098518524, 30.89963700623928, 65.23332100231933, 137.71638055593934, 290.7379416227176, 613.7871933446572]}