{"in_hist": [0.3441764287747275, 0.20206510950660753, 0.04906252604886674, 0.005910648459735252, 0.0008180898045411255, 7.916438828610943e-05, 1.2630375722683847e-05, 1.8095028692166042e-06, 4.5367028145405643e-07], "x_in": [1.4971464647281811, 2.985748608968001, 5.954457339999053, 11.874932171909652, 23.682093268213308, 47.2290311595239, 94.18852290651276, 187.83950526839703, 374.6069972293452], "out_hist": [0.6966418548077759, 0.027482891666798966, 0.008519518974526434, 0.0013872397116593297, 0.000271696502482606, 5.2395791825277746e-05, 9.803991613092168e-06, 1.4777635536886235e-06, 1.0023502090336349e-06], "x_out": [1.605723982773447, 3.5509750349341953, 7.852796516713037, 17.366050880738783, 38.404117889793625, 84.9287083760072, 187.81541935464656, 415.3440270301699, 918.5117035779234]}