{"in_hist": [0.5858223569275419, 0.11905090770874795, 0.027417285369216077, 0.004478140216856339, 0.0006764149611122483, 9.07587245458422e-05, 8.352299118028902e-06, 2.490397688330231e-06, 0.0], "x_in": [1.506140403659262, 3.0307774274105084, 6.098775248432377, 12.272448380569738, 24.695612335027782, 49.694506726755016, 99.99930211541044, 201.22667639208714, 404.92457882429244], "out_hist": [0.6905812369396416, 0.028911357401290482, 0.0076327901045526725, 0.0015141700481312035, 0.00021448423190820312, 4.656116103845894e-05, 1.164672953615965e-05, 1.0487855137355383e-06, 9.444291209875653e-07], "x_out": [1.610496796878574, 3.5769030686337198, 7.944278800925775, 17.644192323876865, 39.18763811834956, 87.03549321532779, 193.30527286073672, 429.32977266317374, 953.5386746941216]}