{"in_hist": [0.3449064532783856, 0.2026401261635918, 0.04854093014933306, 0.005824371013380465, 0.0008332311179721859, 8.211488689797393e-05, 1.0738898988520366e-05, 2.691808781950245e-06, 0.0], "x_in": [1.4973682993875141, 2.9868553486337976, 5.957989679166781, 11.884620068157867, 23.706686612490667, 47.28859542162512, 94.32829199218084, 188.16009633674054, 375.3298305919315], "out_hist": [0.6924676561042868, 0.029309635094613002, 0.007706736512385464, 0.001456597584052826, 0.00025033088958722745, 4.4114223842061394e-05, 1.1940817425835207e-05, 1.4365043831829626e-06, 9.720808322737036e-07], "x_out": [1.6083217070202152, 3.565075719524623, 7.9025016142397035, 17.51702815764831, 38.8290050992119, 86.07005842691035, 190.78662815808596, 422.9059227936017, 937.4316285191276]}