{"in_hist": [0.2068754922054219, 0.21933853738391068, 0.07790301420826097, 0.0183578218427787, 0.00296416445077303, 0.0006263240931806079, 0.0001406895365049175, 2.6814430087874804e-05, 3.513565430484388e-06], "x_in": [1.453960820511109, 2.7740433146515655, 5.292657273156728, 10.09797534996936, 19.266145700715448, 36.75829632148216, 70.1319490388632, 133.80626329831446, 255.29186545117102], "out_hist": [0.6122709318326314, 0.040014227591248466, 0.012218276360458974, 0.0025580937886887853, 0.0005055852614829462, 0.00016797319816705826, 4.7070457120064615e-05, 7.571000795394248e-06, 1.704850115577003e-06], "x_out": [1.6102150162965885, 3.575369781117457, 7.938858439619298, 17.627679703836495, 39.141029419331744, 86.90991722929733, 192.97739034611902, 428.49279313597924, 951.4382666288635]}