{"in_hist": [0.21417623537474234, 0.20998896107352735, 0.08396213141914805, 0.013074422658024696, 0.0029587962820449543, 0.0005810464355211661, 0.0001138553213231948, 1.6341071929482076e-05, 4.250947733674955e-06], "x_in": [1.4610252203309946, 2.8081641685554675, 5.397433177623244, 10.374138817494394, 19.939618085653745, 38.32495172816255, 73.66249035746429, 141.58302205182372, 272.12970992496395], "out_hist": [0.6098756915941436, 0.03691685557620481, 0.013212717159975901, 0.002248781616939486, 0.000560270117980365, 0.00014357608072285765, 4.185218470454285e-05, 7.940724948965676e-06, 1.9424122176500736e-06], "x_out": [1.6149292818127057, 3.601063888699497, 8.029863150378798, 17.90545911061229, 39.92664133344346, 89.0307630941792, 198.5260095116608, 442.6849224119567, 987.124765228152]}