{"in_hist": [0.2214374587696049, 0.22255110649871299, 0.07504553979303209, 0.01880991196731032, 0.0038616745532242896, 0.0007280832022012923, 0.00016731203527326234, 2.1484801227410614e-05, 6.301184664550578e-06], "x_in": [1.4471235424224864, 2.741209551644325, 5.192528202151456, 9.835931409900702, 18.63168439993951, 35.29301386033696, 66.8536886203365, 126.63740478020594, 239.88253483723796], "out_hist": [0.6137290663362528, 0.038753354488500646, 0.013223907592167256, 0.0027991388037487265, 0.0004243396866557799, 0.00018019676316417314, 5.19608040721647e-05, 8.607019245205414e-06, 2.1208835317007427e-06], "x_out": [1.6067882087677208, 3.55674848690224, 7.873134573711663, 17.427785024451087, 38.57773394000225, 85.39476209154559, 189.02783154689482, 418.4275501700683, 926.2213575035908]}