{"in_hist": [0.6922480390376122, 0.22513494968663472, 0.10707424751452312, 0.018683670099798114, 0.0022735408365355645, 0.00024907426345218764, 5.1264419193473345e-05, 1.2239430686376076e-05, 0.0], "x_in": [1.3376928716224796, 2.2411515659567116, 3.7547933820549897, 6.290727301125452, 10.539394834947423, 17.65755184890047, 29.58321062825652, 49.56328932599372, 83.03762832509493], "out_hist": [0.762509284894321, 0.08636639881153353, 0.010669187656155044, 0.0016121952866500102, 0.00035451414680261987, 5.908569113377004e-05, 1.6881626038220002e-05, 3.1653048821662503e-06, 5.275508136943748e-07], "x_out": [1.5, 3.0, 6.0, 12.0, 24.000000000000004, 48.0, 95.99999999999999, 192.0, 384.00000000000006]}