{"in_hist": [0.7871444768443541, 0.2843555909080018, 0.09427528524804672, 0.05150623075273866, 0.004367230259184119, 0.0010015047433238288, 0.00019678613439220595, 5.408938287806595e-05, 1.0258376846136491e-05], "x_in": [1.2909055743809577, 2.041968829554703, 3.230009060013948, 5.109264341732057, 8.081891297723477, 12.7840257578209, 20.221914469780593, 31.98724975760884, 50.597788284817526], "out_hist": [0.8539414232768082, 0.10252953597979705, 0.01146560506942204, 0.0031731467416842084, 0.0006541572973971792, 0.0002044840129609979, 5.692384128465972e-05, 1.1674516644130156e-05, 2.5772279008522156e-06], "x_out": [1.44372366786921, 2.7249523904622404, 5.143204129391994, 9.70752693117976, 18.3224458428642, 34.58265159032552, 65.27293360692994, 123.1992246322307, 232.53204829714292]}