{"in_hist": [0.692267455874472, 0.22201997277091948, 0.10304660351013917, 0.01910579553735966, 0.0014248555276648739, 0.0002964168604625461, 4.530450559442964e-05, 8.976027361820204e-06, 1.7783897240024456e-06], "x_in": [1.341213003039884, 2.256491636006644, 3.7963802109190596, 6.387128795816821, 10.745871590263171, 18.079133821452515, 30.41680490860801, 51.17402360009686, 86.09650814054274], "out_hist": [0.8915432283616685, 0.03097826876397809, 0.006308143230310659, 0.0014371520796803317, 0.00027247688560947764, 6.481937654998195e-05, 1.4032059731990037e-05, 3.2353688545179076e-06, 5.387620829304208e-07], "x_out": [1.5008650562168282, 3.0043267777286577, 6.013851378570231, 12.038107396184689, 24.0970420716532, 48.235774735408924, 96.55500278443463, 193.2770565797183, 386.8885041981657]}