{"in_hist": [0.7521672323191491, 0.25475273072263366, 0.12408169186483944, 0.018969915714279337, 0.004786889482236047, 0.000442580270787221, 8.19413706700368e-05, 2.9499179579703992e-05, 5.201538445493535e-06], "x_in": [1.31017732648642, 2.1229519271917865, 3.439935033262869, 5.573914737071771, 9.03171867948813, 14.634587386650306, 23.71322176629645, 38.423829225995284, 62.26023047137528], "out_hist": [0.8512310372562458, 0.10142737748961646, 0.011459883758699638, 0.00301814775630939, 0.0007594667597607407, 0.0001872092913776224, 5.4003749158409825e-05, 1.0472088131539036e-05, 3.020854448295795e-06], "x_out": [1.4454358310727278, 2.733133652425087, 5.168004972226703, 9.772034151810285, 18.477662459175676, 34.93888832674419, 66.06495384390522, 124.92034908438788, 236.2083481089871]}