{"in_hist": [0.7440080884206814, 0.2555215141530276, 0.12279261381672803, 0.01952753707158423, 0.004663444115799624, 0.0005058952942759904, 8.623298118066666e-05, 2.4527233460786548e-05, 5.038422428430064e-06], "x_in": [1.3113397202263122, 2.1278840034601334, 3.4528736240827795, 5.60290704028027, 9.09172206103006, 14.75295046674304, 23.93930940839988, 38.84582519564456, 63.03432189238896], "out_hist": [0.8462435327045997, 0.1017596668153483, 0.011831375315970553, 0.0030776622883611202, 0.0007470331462197301, 0.00018571742329356904, 4.380022514781092e-05, 1.3883510884354609e-05, 2.9338034043663865e-06], "x_out": [1.4464513446055551, 2.737991640016882, 5.182751738425494, 9.810444703179174, 18.57021716100475, 35.15161400330021, 66.5385846769579, 125.95106587131474, 238.41311129681736]}