{"in_hist": [0.6895880217208589, 0.22680095724449342, 0.10078307837337334, 0.019768846179120083, 0.0012771959185130114, 0.00024461159396563806, 3.50946654654691e-05, 8.939811236524219e-06, 1.7712143464692266e-06], "x_in": [1.341213003039884, 2.256491636006644, 3.7963802109190596, 6.387128795816821, 10.745871590263171, 18.079133821452515, 30.41680490860801, 51.17402360009686, 86.09650814054274], "out_hist": [0.7578074390684582, 0.09131778079394069, 0.009931279512791269, 0.0017795055562429688, 0.00031444197024159713, 5.68486547113073e-05, 1.9704171572246122e-05, 3.2883327450183103e-06, 5.487737559690287e-07], "x_out": [1.4986910845167718, 2.993458849103343, 5.97908132893469, 11.942510433615533, 23.853757393600716, 47.64506968243013, 95.16541262604659, 190.0816982879851, 379.6657948200354]}