{"in_hist": [0.5417460623647617, 0.2805292726423528, 0.05343832201782396, 0.017966636134381833, 0.004338145322245338, 0.0006908860249384304, 0.00020200127559690334, 2.576329506951648e-05, 1.4786358001697501e-05], "x_in": [1.3711846103874534, 2.389109861139331, 4.162711487098982, 7.252980370087406, 12.637369755724889, 22.018964093926748, 38.3651653106058, 66.8462831871407, 116.47090634847709], "out_hist": [0.818905165185792, 0.13000900645474173, 0.018185611960667758, 0.0035669854154319874, 0.001024812696097334, 0.00032279549285762474, 7.362349452398602e-05, 1.2628780489010003e-05, 7.780777376662316e-06], "x_out": [1.4274710796076788, 2.6478762866249452, 4.911657356447219, 9.110840302094202, 16.90008178223292, 31.348674192051256, 58.149977394342315, 107.8648446261856, 200.0830477943258]}