{"in_hist": [0.543876077975646, 0.26940550036460964, 0.051643290628048184, 0.01690298431693967, 0.003998160665872478, 0.0008180875663646234, 0.00010756784364718089, 2.8601842560077222e-05, 1.1640476118077742e-05], "x_in": [1.3775365945377671, 2.4176775440436504, 4.243201037380995, 7.44712837656488, 13.070255349312632, 22.939254737949685, 40.26007096794942, 70.65937114612632, 124.01236785550373], "out_hist": [0.8185435403538285, 0.1265923368709087, 0.018595853271717425, 0.0035413062603010855, 0.0010654007976252165, 0.0003058050426463813, 6.514632223721001e-05, 1.845309421878515e-05, 7.944966735211306e-06], "x_out": [1.429045763628078, 2.655297825458635, 4.933786391826384, 9.167426691944325, 17.033917863043676, 31.65057845729874, 58.80967166426301, 109.27375264008353, 203.04063393202415]}