{"in_hist": [0.5456296370884612, 0.27215583825541706, 0.054926240576040355, 0.018244073996743684, 0.004060939931461091, 0.0007714562882543439, 0.000169472794731188, 3.800377577860651e-05, 9.679575492722213e-06], "x_in": [1.3724849052220072, 2.3949447249025173, 4.1791062426370384, 7.29241422803975, 12.725042673181758, 22.20481530131397, 38.74673234727818, 67.61187819935498, 117.98068628529224], "out_hist": [0.830913730423655, 0.12900220782756305, 0.019178986786933333, 0.003452789900939677, 0.0009693884679523273, 0.0002654841717916421, 9.236824535228673e-05, 2.0366725086257923e-05, 7.014490681375247e-06], "x_out": [1.4238477763697421, 2.630837204176376, 4.8609862021382675, 8.98162258761887, 16.595304111527888, 30.663069603229346, 56.656017339228114, 104.6830712736229, 193.42244523938342]}