{"in_hist": [0.615219443451024, 0.22868216838781888, 0.12084481051765672, 0.033329422125940235, 0.0072487062503696275, 0.0021934108257058555, 0.00045854779675750097, 9.79574817395655e-05, 1.4909925772918367e-05], "x_in": [1.3212438749820155, 2.170126879372968, 3.5644068152377697, 5.854494529916341, 9.615935547619017, 15.7940563414079, 25.941544063004187, 42.60866833863652, 69.98421578849073], "out_hist": [0.7772249936702056, 0.047089805430508835, 0.012142225165644274, 0.002810255707832546, 0.000427109457960563, 7.139096426243538e-05, 2.5327337166744204e-05, 4.726995744045585e-06, 5.789621962618536e-07], "x_out": [1.5205752151362517, 3.103722754637065, 6.335165036074006, 12.931024839229778, 26.394166914458282, 53.87446515413082, 109.96588773005513, 224.45691905549978, 458.15033690777386]}