{"in_hist": [0.6174664226073634, 0.21933188674867704, 0.12085086299693419, 0.03345755461082034, 0.008644101123120933, 0.001778589896980888, 0.0004277531949544703, 9.815078058595145e-05, 2.387262186199775e-05], "x_in": [1.322287398119394, 2.17460052833132, 3.5762932207812415, 5.88148169485647, 9.672536559900742, 15.90720984211099, 26.16059638481733, 43.02305746904614, 70.75463597072621], "out_hist": [0.779779097999566, 0.04638727782364945, 0.012143407798769072, 0.002595959419454911, 0.00047559181901640996, 5.885299914629094e-05, 2.402337058970997e-05, 4.706960130729692e-06, 5.764041724896635e-07], "x_out": [1.5207594677877918, 3.104659249944624, 6.338220647271839, 12.93959746926159, 26.416433252223435, 53.92964869478266, 110.09839899933786, 224.7679663337041, 458.86805938107216]}