{"in_hist": [0.5965754898469471, 0.20971202026774916, 0.11111807401690198, 0.028747395502946218, 0.008171254715518914, 0.0013684851200175463, 0.00028411446702813337, 5.3827506677792724e-05, 1.2370359898465903e-05], "x_in": [1.3367940526263058, 2.2372426256478195, 3.7442226468483124, 6.2662864851827855, 10.487182525707105, 17.551223932636454, 29.373519606285345, 49.15917302248353, 82.2722072344835], "out_hist": [0.7777322433978556, 0.04616934887139148, 0.011721364331701548, 0.0028111163016961765, 0.0004873458191391375, 6.45945457492927e-05, 2.674863780849103e-05, 4.165177543737398e-06, 2.91200399941784e-07], "x_out": [1.521676761965322, 3.109323573845212, 6.353447281657237, 12.982338892081888, 26.527507923997376, 54.20507679759811, 110.76013468930327, 226.32211152842063, 462.4560841350225]}