{"in_hist": [0.47198253187242806, 0.1489986421739492, 0.036905738731414055, 0.005622642272753114, 0.0007284011315529889, 0.00010889594649969189, 1.0809880566976475e-05, 4.292300003017146e-06, 2.1304397400310676e-06], "x_in": [1.5073741872076027, 3.036979693311959, 6.118749900232258, 12.327741414946143, 24.83729697597375, 50.0409037072108, 100.81982939837077, 203.1265873891859, 409.24896174287045], "out_hist": [0.636896683060241, 0.03135132722031297, 0.006148196270081465, 0.001202869489287982, 0.000282408327230442, 6.707065306888823e-05, 9.734367809279143e-06, 2.5430533647586146e-06, 1.107265950687526e-06], "x_out": [1.6483480383279088, 3.7857544725910217, 8.694727444382016, 19.96914640910384, 45.863060211954384, 105.33351045222521, 241.91906019601024, 555.6145564204392, 1276.077771863685]}