{"in_hist": [0.48231039671255255, 0.14633504618723311, 0.036923615513562186, 0.005594964518589915, 0.000664247066915676, 0.00010565263114225236, 1.5316791787879413e-05, 5.438015816437419e-06, 1.621781754342884e-06], "x_in": [1.50593359159614, 3.0297383729991596, 6.09543120629538, 12.263198011351808, 24.671925640027524, 49.63663754133157, 99.86232215341494, 200.9097287778309, 404.2036901121795], "out_hist": [0.6341997552970444, 0.03355372746359222, 0.005974421413079725, 0.0012961531984262353, 0.0002516632508582957, 6.715912799459677e-05, 9.757619200481138e-06, 2.977158640080058e-06, 9.26902413186507e-07], "x_out": [1.6471228553936117, 3.778904546126398, 8.669735546424826, 19.890503591044684, 45.63370254915214, 104.69492634073225, 240.19588569840926, 551.0683805123138, 1264.2862683408375]}