{"in_hist": [0.4714559140507538, 0.14236220313093215, 0.03549808409536416, 0.005547275388229431, 0.0006555146111807999, 0.00010758519958967398, 8.149492820070471e-06, 5.015705199285436e-06, 9.878327086733786e-07], "x_in": [1.515496886314148, 3.077964738541608, 6.251327216347487, 12.69640664706353, 25.78632283494254, 52.37186109675112, 106.36692374845563, 216.03055974674226, 438.7567215430387], "out_hist": [0.6276303407727841, 0.035987250770170454, 0.006240882928146953, 0.0011722924996321153, 0.0002656545541441146, 7.346928226736867e-05, 8.731971352118086e-06, 3.3824992986826806e-06, 9.212885380305096e-07], "x_out": [1.647339825911667, 3.7801171781576954, 8.674157970226304, 19.904413790979493, 45.6742533076324, 104.80777967724866, 240.5002793781656, 551.8710973469038, 1266.3673775113539]}