{"in_hist": [0.7036191128816538, 0.2543299358103551, 0.1260421246989884, 0.02361818505666064, 0.0031121326645864515, 0.000504291985948208, 0.00017778457659664421, 6.061326601870504e-05, 1.4879001447738804e-05], "x_in": [1.3147491111094232, 2.1423813392166133, 3.491006583568303, 5.688589021678839, 9.269545697759314, 15.104708235275158, 24.613095216515237, 40.10699489861477, 65.3542768858331], "out_hist": [0.8289761865012287, 0.10391435264511709, 0.012676918472531258, 0.0032932076974647637, 0.0008839420969713824, 0.00020785154103148773, 5.125215128060651e-05, 1.5838555293276902e-05, 2.45577848534078e-06], "x_out": [1.4484565980761182, 2.747596434944364, 5.211951935146803, 9.886620403491154, 18.754060708730318, 35.57482523983069, 67.48235544824448, 128.00817055721072, 242.82038794527918]}