{"in_hist": [0.7149375107687028, 0.25164052925688196, 0.13069526982888005, 0.01943796692931572, 0.005246800390518336, 0.0005179374630321395, 0.00016275834098093963, 5.008017111668532e-05, 1.540949314155391e-05], "x_in": [1.3124889419892238, 2.132765503698761, 3.4656967752226406, 5.631680612312216, 9.151356444637553, 14.870751830939664, 24.16464284340897, 39.26701019477764, 63.80802313646989], "out_hist": [0.8272072355326656, 0.10470481597442811, 0.012946986701184856, 0.0033883567671207523, 0.0007682785655429054, 0.00023288370605637233, 4.270254872907736e-05, 1.500773249779226e-05, 2.472393789591041e-06], "x_out": [1.4484565980761182, 2.747596434944364, 5.211951935146803, 9.886620403491154, 18.754060708730318, 35.57482523983069, 67.48235544824448, 128.00817055721072, 242.82038794527918]}