{"in_hist": [0.7057382562679176, 0.24915733736205894, 0.12313767050774584, 0.022168405094432856, 0.002760098395994398, 0.000593006978937799, 0.00019372456536573566, 1.909783760764763e-05, 1.8676494712723165e-05], "x_in": [1.3180480502966088, 2.156453275484774, 3.52816479513211, 5.772416663565913, 9.444228394259497, 15.451665248959706, 25.2804092614947, 41.36117901413214, 67.67086370095961], "out_hist": [0.808516768582744, 0.10335580399720255, 0.014461790126755695, 0.0025993463404690516, 0.0006163617646852663, 0.00020639661662025537, 4.0856279883890095e-05, 1.3664664305052493e-05, 1.785250439739105e-06], "x_out": [1.45677502725118, 2.7876119327941717, 5.334234965929716, 10.2073256097832, 19.53222847692398, 37.37589686657042, 71.5206494861004, 136.8583427221716, 261.88528917511405]}