{"in_hist": [0.4487366135759278, 0.2796451634626918, 0.05443213866653266, 0.016227850774280322, 0.002090665425294866, 0.00044361555182767385, 8.230708443319462e-05, 1.991870463742942e-05, 3.326090457997886e-06], "x_in": [1.398293577202617, 2.5121562788895657, 4.513307700511446, 8.108550638617091, 14.567717918183826, 26.172174880808015, 47.02059319370703, 84.47659372432824, 151.76956313303796], "out_hist": [0.7325595224604867, 0.036685255082658484, 0.010584571944609688, 0.001992401826958527, 0.0003291404776400243, 8.170888452903907e-05, 2.0724261741872313e-05, 2.789113088085185e-06, 1.5327383102792854e-06], "x_out": [1.5614875506177563, 3.3149991908507244, 7.03766074279196, 14.940778527889954, 31.718900807784546, 67.3384366534856, 142.95782437147471, 303.4959016674402, 644.3142425669973]}