{"in_hist": [0.4351663200337278, 0.2648075565453749, 0.06078017157790247, 0.010260553054042398, 0.0017192552534098006, 0.00035763017298960675, 6.533926267534277e-05, 1.705360760678289e-05, 9.347115241986533e-07], "x_in": [1.4122390793995658, 2.576599355367101, 4.700949247843198, 8.57677922831312, 15.648146374899357, 28.549701286695687, 52.08830643781576, 95.03397742463105, 173.38741615504907], "out_hist": [0.7306342336909386, 0.037377356514834995, 0.011122852298746525, 0.002052602171791719, 0.00037151168784936876, 8.139361326226314e-05, 2.2650932366622657e-05, 2.323596842538225e-06, 1.754338063731349e-06], "x_out": [1.5595890908716208, 3.3050471738599163, 7.003983860476097, 14.842689782402744, 31.454304345251234, 66.65727549036806, 141.25864387363654, 299.3522360796491, 634.3807273560444]}