{"in_hist": [0.427938308610855, 0.268862541081775, 0.06109573727210755, 0.010301315324823927, 0.0017844436626273513, 0.00032425105743131747, 7.30295202250191e-05, 1.741196754283508e-05, 1.9096557375449335e-06], "x_in": [1.4117856795078692, 2.574491930219122, 4.694769747964735, 8.561247649562024, 15.612046011182112, 28.469679961627598, 51.91649297836836, 94.67342965589421, 172.6437547802799], "out_hist": [0.7322343046627914, 0.03891883731881898, 0.01094341969813719, 0.0019963739001136803, 0.0004295605207210535, 7.618146619947072e-05, 2.3018041098421882e-05, 2.366487574389731e-06, 1.566844737035625e-06], "x_out": [1.5572466198577448, 3.2927874502589987, 6.962576803392658, 14.722321581773658, 31.13024945757785, 65.82470202870518, 139.18588744598352, 294.3076180683332, 622.3114688022591]}