{"in_hist": [0.5622734656017374, 0.10715345393007675, 0.026600686486866577, 0.004316696151310914, 0.0006289189197931114, 9.708095626708587e-05, 2.5448877043955406e-05, 0.0, 0.0], "x_in": [1.5270465171528753, 3.1366956139445783, 6.443064611340958, 13.234654137737351, 27.18521087577208, 55.84095229605636, 114.70251114032911, 235.60962915072776, 483.9640980538709], "out_hist": [0.6443433247667768, 0.03342271220574675, 0.004422233946074366, 0.001217415439259467, 0.00028062184428801835, 5.247412395892728e-05, 2.2895266576866274e-05, 1.6649261009612623e-06, 3.63216420174324e-07], "x_out": [1.6459601001533657, 3.77240920244039, 8.646060854896136, 19.81608152641774, 45.41687754132187, 104.09185907181273, 238.57023449416903, 546.7839396290998, 1253.1851564392305]}