{"in_hist": [0.5580475164215072, 0.11012713740210296, 0.02632704183190161, 0.004819478534044259, 0.0005995143786187336, 0.00010003721310183519, 2.252017222898289e-05, 1.8307231877546153e-06], "x_in": [1.5251036484569012, 3.126778628616201, 6.410544360223067, 13.142944824518956, 26.945761382164257, 55.24439660661131, 113.26246503647457, 232.21153228422463], "out_hist": [0.6457286348688405, 0.032951360254870436, 0.005006887099155863, 0.001058608844138969, 0.000251218251177699, 6.581667395082925e-05, 2.299108205523728e-05, 1.6731761065135386e-06], "x_out": [1.6450817981111325, 3.767506446841982, 8.628206113090203, 19.76000354090159, 45.25364077059588, 103.63824068933839, 237.34852600324388, 543.5669538696429]}