{"in_hist": [0.5644602019732008, 0.11205207817714845, 0.02406299811445474, 0.004354587349459665, 0.0005186390282033402, 0.00010398444662213595, 2.1699297353157247e-05, 1.7609559497779753e-06, 8.574376782593624e-07], "x_in": [1.5268711035376916, 3.1357996300991253, 6.440124053265947, 13.226354586993672, 27.16352266105401, 55.78687298185524, 114.57185564358949, 235.30105567818768, 483.2477094156887], "out_hist": [0.6379027774182143, 0.03463708986721515, 0.00510291947674466, 0.0010548538542659812, 0.00030987292923986544, 5.228663237562469e-05, 2.0892460588928684e-05, 1.655824802041738e-06, 3.6088752444032565e-07], "x_out": [1.6470504588719421, 3.7784999692686085, 8.668260247194352, 19.885863788331395, 45.620178366940934, 104.65729305923888, 240.09439205579065, 550.8007651603493, 1263.5925408483904]}