{"in_hist": [0.5075424272268335, 0.10657884076848047, 0.03079474823384042, 0.0032826154134523392, 0.00040476213533053353, 4.865281091142124e-05, 6.861987167460239e-06, 8.480004221922125e-07, 7.475117966048788e-08], "x_in": [1.5503989096494963, 3.2570746484351973, 6.842455318726696, 14.374615212231834, 30.198160291118757, 63.44022928642372, 133.27509534074707, 279.98402965870673, 588.1898389455554], "out_hist": [0.610343827277365, 0.03593230548141263, 0.006113686591937881, 0.0010221894563228497, 0.00018021241821332648, 3.622076856124108e-05, 5.855520738744652e-06, 9.012874159627108e-07, 1.0437461050151364e-07], "x_out": [1.6669082755518538, 3.8902581226546564, 9.079148794717074, 21.189067727043987, 49.451396963832686, 115.41048870939233, 269.3469087209475, 628.6062735615668, 1467.0517253656092]}