{"in_hist": [0.5109935200508424, 0.1085112906829687, 0.031090339652909034, 0.003343848685348549, 0.0003992871345869967, 5.23655748786251e-05, 7.208508917503471e-06, 8.774954166793808e-07, 9.319097612739781e-08], "x_in": [1.5462331740024446, 3.235440882768904, 6.770051168153165, 14.166104243631686, 29.64209641212856, 62.025089226695485, 129.78541193886096, 271.5716069440185, 568.2544486039694], "out_hist": [0.611566499641778, 0.036305666398660646, 0.005985615036306777, 0.0010321827709027119, 0.00017961540054914666, 3.6950568701917065e-05, 6.075941564984689e-06, 9.096853046571251e-07, 1.0545597389695709e-07], "x_out": [1.6657039618770657, 3.883435415348841, 9.053872098731706, 21.108269151639547, 49.21198595686734, 114.73321400351756, 267.48992424557923, 623.6281289105359, 1453.931561217986]}