{"in_hist": [0.5051399277129794, 0.1070787607615742, 0.03038495743614061, 0.0032850905893593426, 0.0003779241169549892, 5.0771614954146564e-05, 6.913204631011552e-06, 7.129444231629946e-07, 7.366346403588498e-08], "x_in": [1.5519999304092582, 3.2654076375714265, 6.870417214966004, 14.455356864053611, 30.41406883005078, 63.991196585351645, 134.63746870919013, 283.27721542509346, 596.0152218274537], "out_hist": [0.6087546516955048, 0.03591965375872511, 0.005993891456895085, 0.0010060330650067037, 0.00018266670051169602, 3.598022353638224e-05, 5.627818901802532e-06, 8.667147784071996e-07, 9.26936103065169e-08], "x_out": [1.6687898113219042, 3.9009290574216893, 9.11873227400806, 21.31576274806568, 49.827292640988325, 116.47526392908412, 272.2702035026865, 636.4532795609629, 1487.7602170665293]}