{"in_hist": [0.4867744648994141, 0.1947149803301666, 0.03426340903586615, 0.004159101217417867, 0.000608556032509858, 6.353999705614357e-05, 5.405709777628721e-06, 4.598945475891454e-06, 4.695102110975769e-07], "x_in": [1.4795197989710318, 2.8984378721235338, 5.678154563664938, 11.123729633455056, 21.791826828740017, 42.691051668997915, 83.63346069735755, 163.84126121905476, 320.97151850489774], "out_hist": [0.8565465396843772, 0.032219167918895425, 0.006812063556747072, 0.00135943953551388, 0.00023683981387628605, 6.134044829530103e-05, 1.0061703755833957e-05, 2.475639287378313e-06, 2.4364819437890563e-07], "x_out": [1.516071263605739, 3.080872889056465, 6.260772818784532, 12.722782698261728, 25.854507785608057, 52.540044791254374, 106.76885940190394, 216.96953977247205, 440.91302888114245]}