{"in_hist": [0.49471579988427816, 0.1993043680211673, 0.03582787541820335, 0.004236298509971861, 0.0006145239148400726, 8.659175665957928e-05, 5.812449336320831e-06, 3.988293664604387e-06, 0.0], "x_in": [1.4715849809666066, 2.85953973144637, 5.556571711101154, 10.7973632403396, 20.98111191670978, 40.76986644450943, 79.2227798269996, 153.94332606067417, 299.13804704119235], "out_hist": [0.8664196161695624, 0.03243284691141167, 0.006521769527949104, 0.0013453060583522329, 0.00024179632740824425, 6.82924899650157e-05, 1.1603177886263642e-05, 1.5641082832479103e-06, 2.57695513368609e-07], "x_out": [1.511599738260739, 3.05826779915913, 6.187485810321244, 12.518518052426012, 25.327459170492975, 51.242502135360496, 103.67380349591204, 209.7527849619198, 424.3717247338784]}