{"in_hist": [0.5003585987443274, 0.19945213797947992, 0.03654864198188388, 0.004277745904934593, 0.0005179861589131733, 8.52105082672815e-05, 3.996703043742418e-06, 5.155173669053415e-06, 5.319547690631861e-07], "x_in": [1.469100000387642, 2.847409621890297, 5.518849331355325, 10.696633778311565, 20.7322155974164, 40.18318028698582, 77.8830400633893, 150.9529083112426, 292.5769270058817], "out_hist": [0.8661504102467854, 0.03229475876476186, 0.006756584283044041, 0.0012938091310307105, 0.00029795987019732136, 6.283163618701567e-05, 1.2855622913644333e-05, 1.0594327213362757e-06, 5.238475172665781e-07], "x_out": [1.5112033429731293, 3.0562677446531934, 6.181016320828512, 12.500528733186528, 25.28115288785974, 51.12877262883711, 103.40317160878627, 209.12326560965766, 422.9322905558869]}