{"in_hist": [0.4212657536700722, 0.2963402283411655, 0.055107111106422385, 0.006922734545641612, 0.0012356472935599943, 0.0002968058198908579, 6.561026316599134e-05, 1.2502023692272507e-05, 5.136744538571146e-06], "x_in": [1.4126906836418807, 2.5786992516552476, 4.707109565800067, 8.5922700951746, 15.684169734401188, 28.629591194491816, 52.2599223193766, 95.39428845748684, 174.13095669558882], "out_hist": [0.7585161818212062, 0.029519702520396256, 0.008097347950590398, 0.0020798082802683487, 0.0006324423331508219, 0.00015234475645537978, 3.550397019510449e-05, 1.009453133347955e-05, 7.972470111764422e-07], "x_out": [1.5551446824683768, 3.2818052843509604, 6.925558789359071, 14.614933059428706, 30.84173780457497, 65.08499128516239, 137.3481649260795, 289.84437173708477, 611.6554951635447]}