{"in_hist": [0.41723179363346424, 0.3045363629114631, 0.05630072643174874, 0.006336307353522229, 0.0015806187199768828, 0.00028620055898335035, 7.425538935410042e-05, 1.633733949305617e-05, 5.391702825203096e-06], "x_in": [1.4090267039582678, 2.561685800976732, 4.657281600477147, 8.467186685374454, 15.393797608810544, 27.98674620347542, 50.88139931172364, 92.50510141824125, 168.17921488309827], "out_hist": [0.7640688022560285, 0.030321373269377505, 0.008050716086586864, 0.0021290102298355705, 0.0006792715838957948, 0.0001460244337955072, 4.592561387188879e-05, 9.45342037921596e-06, 1.4062247406039113e-06], "x_out": [1.5503989096494963, 3.2570746484351973, 6.842455318726696, 14.374615212231834, 30.198160291118757, 63.44022928642372, 133.27509534074707, 279.98402965870673, 588.1898389455554]}