{"in_hist": [0.4116703738484712, 0.2959400466950056, 0.05441370972121742, 0.006679876514305206, 0.0012892915525816904, 0.00023790011286908892, 7.181755097806271e-05, 1.0551537253327585e-05, 4.1129000362655785e-06], "x_in": [1.4162406401018046, 2.595234461250134, 4.75571856798017, 8.71476524974038, 15.969644181518177, 29.26407401414455, 53.62586781341278, 98.26839890275218, 180.0750014248743], "out_hist": [0.7517231091810771, 0.03060276390794505, 0.007381477893870353, 0.0020852713956291784, 0.0005872332638731386, 0.0001482559766685977, 3.6695172341887005e-05, 9.19781040202273e-06, 1.0211089934131587e-06], "x_out": [1.559725600689723, 3.3057622982041117, 7.006401874403584, 14.849726870051878, 31.473271454888096, 66.706062996404, 141.38024535702144, 299.64853087326, 635.0904387509172]}