{"in_hist": [1.140689063219365, 0.3547977597770591, 0.1097164812527229, 0.030248819571164497, 0.014199851985355177, 0.003903458633671082, 0.0007450332210423703, 0.0001728270125812116, 9.014559291591795e-05], "x_in": [1.2373841112549049, 1.824854766317277, 2.691237820060285, 3.9689520162414826, 5.853284310219179, 8.632237698026495, 12.730549846200706, 18.774610368253953, 27.688198761104132], "out_hist": [1.0472254906810716, 0.098811164778926, 0.034261173902804566, 0.004626960614189658, 0.0019599067568941103, 0.0005309415130410406, 0.0002268388128606465, 7.82896464808966e-05, 2.178922669593797e-05], "x_out": [1.3623305185455714, 2.349558364975719, 4.052191766445193, 6.988657254409556, 12.053064868264524, 20.787451355827912, 35.85130741382385, 61.83135302539881, 106.63812543353286]}