{"in_hist": [0.6435074097123689, 0.22191021780902162, 0.10326213547526279, 0.02003127884854822, 0.0019856085540959066, 0.0004901086358140382, 8.804326351075694e-05, 2.5983623208825144e-05, 1.3145784044338446e-05], "x_in": [1.3471034120527674, 2.2822717934756485, 3.8666404469700213, 6.550888631619085, 11.098560223644423, 18.803256468644634, 31.85660542458428, 53.97167830316808, 91.43918568965597], "out_hist": [0.8328903418001236, 0.03144997833882713, 0.00832385428810408, 0.0020463148203501815, 0.0008363503190352442, 0.0002207571848133336, 4.641978851358911e-05, 1.1956685381058504e-05, 2.9514473489528435e-06], "x_out": [1.512781524401974, 3.064234356741946, 6.206799885892021, 12.572264500183438, 25.465914411361204, 51.58281523565721, 104.48424449462851, 211.63942483051682, 428.68899860681574]}