{"in_hist": [0.5068410831232464, 0.32793184295766126, 0.061468525184444456, 0.012673988462901235, 0.0012397039203477995, 0.0003763068944341293, 0.00011045157378755602, 1.322656347119105e-05, 7.602621504070811e-06], "x_in": [1.3698686015152077, 2.383211369319254, 4.146161481889765, 7.2132313798153405, 12.549126985531164, 21.832183082281492, 37.98226113161636, 66.0791527458891, 114.9603603767527], "out_hist": [0.780172913347027, 0.027395533283921244, 0.008334379099724603, 0.0018418678930837084, 0.00042610896890193353, 0.00016519625604991434, 5.002267956804047e-05, 7.232845150189874e-06, 2.760929451690727e-06], "x_out": [1.5478855438715633, 3.2440137699815668, 6.798710267367948, 14.248540412292087, 29.861679038621283, 62.58324356060744, 131.1601524315072, 274.88165532993423, 576.0890257914473]}