{"in_hist": [0.5573934342591073, 0.18420794230046156, 0.03475852478195418, 0.008617547931405992, 0.0015315793218635856, 0.0001324079877941144, 3.4913124441755846e-05, 3.682334513476271e-06, 1.9419040383737974e-06], "x_in": [1.4481247375539623, 2.7460057734775027, 5.207112006600046, 9.873983409343511, 18.723535857191987, 35.50449504136472, 67.3253800861598, 127.66571664982203, 242.08604818650204], "out_hist": [0.8274909655294961, 0.033781799303650294, 0.00912896345597448, 0.001584890749645168, 0.0002860308066118927, 4.660227853340148e-05, 1.1389187707942704e-05, 1.391708739667982e-06, 0.0], "x_out": [1.5229500059275867, 3.1158034351820856, 6.374622284977418, 13.041839808407552, 26.68230021863428, 54.58931833362717, 111.68428702593361, 228.49488415039417, 467.477686192138]}