{"in_hist": [0.5358759036023768, 0.21645325149840353, 0.03432582532821125, 0.0056447013740769355, 0.0008059177413579662, 0.00010806659268875955, 1.3437830287476398e-05, 5.326194707501757e-06, 9.382582837765965e-07], "x_in": [1.446113808176432, 2.7363764842206533, 5.1778471521808775, 9.797665374610688, 18.539412997622573, 35.08078926507267, 66.38083825082558, 125.60765533486472, 237.67827424996327], "out_hist": [0.7708082123942805, 0.027913346370126428, 0.00704253620556982, 0.0017956004326832756, 0.000293877712098579, 7.09017880141302e-05, 1.4313159188631237e-05, 3.7455715331599606e-06, 1.0585818545813769e-06], "x_out": [1.5614875506177563, 3.3149991908507244, 7.03766074279196, 14.940778527889954, 31.718900807784546, 67.3384366534856, 142.95782437147471, 303.4959016674402, 644.3142425669973]}