{"in_hist": [0.4071109980660482, 0.270409817554778, 0.05061415510382977, 0.018496162499677213, 0.0038845916803800667, 0.0007862423271098228, 0.00023198440480184723, 2.8074400700030644e-05, 1.1093947356579853e-05], "x_in": [1.4037875659862027, 2.5374514948487317, 4.586634220674774, 8.290685956745353, 14.98603776240575, 27.088389186124022, 48.964298658028, 88.50664860872124, 159.98241703934457], "out_hist": [0.6961888334491116, 0.037781198718053965, 0.013132077530649326, 0.0027272825500428187, 0.0008027562556421026, 0.00024412160668753558, 7.698799471241203e-05, 1.21397515981141e-05, 4.30704204184639e-06], "x_out": [1.5569682870662698, 3.291332206793879, 6.957667529561945, 14.708067861395389, 31.091922587027078, 65.72635231681414, 138.94134004683443, 293.7131803839894, 620.8910343185032]}