{"in_hist": [0.9868366174126391, 0.2523005024039913, 0.08137179227782433, 0.009635686133681765, 0.0018248873552410825, 0.00024281968303495864, 0.0001419855901639266, 5.903942492004784e-06, 3.6824022327184882e-06], "x_in": [1.3016428025634603, 2.086905168367058, 3.345905015707876, 5.3644413478064, 8.600731592485657, 13.789429155792588, 22.108393268399716, 35.44606867971017, 56.83017167251952], "out_hist": [0.8746493477949052, 0.08291262218540009, 0.010197362849768694, 0.0015287044616615047, 0.0003675234551360159, 8.567820100261938e-05, 2.341572294333007e-05, 7.774576963351765e-06, 5.794854935362654e-07], "x_out": [1.4583103151812453, 2.795027635546801, 5.357007628722291, 10.26735133821839, 19.678617394009294, 37.71644407436837, 72.28811481684752, 138.5488921879824, 265.54566508135554]}