{"in_hist": [1.2499988972459974, 0.33872144731372733, 0.08766840280397346, 0.02418313976766046, 0.010193260217320125, 0.0011917476323290584, 0.0003535970409903635, 7.965683437438047e-05, 4.486188038208446e-05], "x_in": [1.2398340723418801, 1.8345429815378216, 2.7145148098346827, 4.016581092384676, 5.943207092940707, 8.79397421268294, 13.0121635076774, 19.253683835726754, 28.489062639537522], "out_hist": [0.9820362978648888, 0.09787084643508306, 0.01041152230954778, 0.004038713671879908, 0.0009870165578712542, 0.00025923164129913815, 7.166844399042276e-05, 1.668531166145254e-05, 5.7661283084443284e-06], "x_out": [1.40427399726224, 2.5396969215114993, 4.593163774099617, 8.306957132170353, 15.023530661987518, 27.17077624941456, 49.139652895552075, 88.87142069587975, 160.7282296700747]}