{"in_hist": [0.848123632541587, 0.2077813377336169, 0.0896692888898311, 0.020740302690020057, 0.004274814539793053, 0.0017352963754804051, 0.0002777655142375178, 8.999969013009363e-05, 2.4480912232611074e-05], "x_in": [1.316960207609374, 2.151808169243677, 3.515883297361722, 5.744673497085925, 9.386339305654769, 15.336531415679495, 25.058671778722413, 40.94387539752044, 66.89903389018127], "out_hist": [0.9926428252330346, 0.12664957433790722, 0.013735537574191319, 0.005102157859062308, 0.0011853858894405427, 0.00036217684402165516, 0.0001321117340149432, 3.74815581171785e-05, 1.8904768040025873e-05], "x_out": [1.3811782423900483, 2.4341284321132775, 4.289802027122443, 7.560160420922042, 13.323697743789783, 23.481105120017865, 41.38207787806661, 72.92997330208567, 128.52861138376997]}