{"in_hist": [0.90507533555865, 0.25676705012934764, 0.08297273403275443, 0.04625555869296736, 0.006534498519106523, 0.0020612071604650907, 0.0007408004947464859, 0.0001350628821970695, 3.0780861845978854e-05], "x_in": [1.2835508941103946, 2.011454901432792, 3.1521545729608, 4.939747068035208, 7.741086463676376, 12.131070439998993, 19.010622179554776, 29.79158001277009, 46.68643831193474], "out_hist": [0.7299262173257917, 0.10842419267709309, 0.01950437697421654, 0.002541021923136335, 0.000503854267722629, 0.00012662754890582732, 3.3613571253701926e-05, 7.3749665574721e-06, 1.2585225016976914e-06], "x_out": [1.4766699373701568, 2.8844382704954095, 5.634288289985671, 11.00567998261143, 21.49783355866619, 41.99257551067313, 82.02577218804144, 160.2242115712664, 312.97234136098297]}