{"in_hist": [0.4111342093245689, 0.24307419729235166, 0.04271235696611103, 0.00724252036331903, 0.000824135445923759, 0.00014379508403696082, 1.5053612579437215e-05, 7.879659211212759e-06, 2.062263425380757e-06], "x_in": [1.4552197738460515, 2.7801094065390553, 5.311230957163034, 10.146785667490843, 19.384820621129915, 37.03352793952399, 70.75031636622708, 135.16420239776807, 258.2230376929558], "out_hist": [0.6928039147453001, 0.02368099831560115, 0.0076148587319876376, 0.0017220640800860595, 0.0003031200758987056, 7.953938240577284e-05, 1.7037804841583035e-05, 3.0656625615311987e-06, 1.7237928808462625e-06], "x_out": [1.6115251270885613, 3.5825013433870456, 7.964080522006456, 17.70455122873352, 39.35810710912793, 87.4950500128773, 194.50589317036693, 432.3963752513323, 961.2388719077405]}