{"in_hist": [1.0286811773628433, 0.27440864599248865, 0.07409803805557702, 0.025095059374113365, 0.004526312977489536, 0.0006678506742814591, 0.00017792009957580453, 3.791932903818343e-05, 2.9093687926676623e-05], "x_in": [1.2820114617387044, 2.0050953143201147, 3.1360150353537994, 4.9047994036631595, 7.671218702387505, 11.99796190154268, 18.76508744902135, 29.349026931327607, 45.9025509023522], "out_hist": [0.9502397393723506, 0.09648454454144882, 0.01496199970413656, 0.0031458737530608797, 0.0007693088837458263, 0.0003195980006661615, 4.907262868771176e-05, 3.075448840389673e-05, 3.1621831233646124e-06], "x_out": [1.4117856795078692, 2.574491930219122, 4.694769747964735, 8.561247649562024, 15.612046011182112, 28.469679961627598, 51.91649297836836, 94.67342965589421, 172.6437547802799]}