{"in_hist": [0.6679464501110607, 0.21761961606604352, 0.08291397668416155, 0.01918235261620843, 0.0024458770769578506, 0.0005410902816300706, 0.00013196418580525273, 3.8621014480868065e-05, 6.781761659482228e-06], "x_in": [1.3542252681543665, 2.3136268856611655, 3.952717093626122, 6.753021638482245, 11.53720343996947, 19.710741404518803, 33.6748267235929, 57.53177577602595, 98.29019317934532], "out_hist": [0.8203644643956877, 0.03550111219142877, 0.008788908895326712, 0.00225798770609865, 0.0004000545706951035, 0.00012456230753742575, 2.777926663464584e-05, 7.269027574639407e-06, 1.7832126353376425e-06], "x_out": [1.5190915304476642, 3.0961866253079897, 6.3105951330734165, 12.86214810439874, 26.215412393112473, 53.431809474027304, 108.90380898294896, 221.96589873602716, 452.4071349001786]}