{"in_hist": [0.4646493076406049, 0.2061322773641375, 0.039752077553623075, 0.004524889102722144, 0.0007431363037132354, 0.0001188548537773251, 4.083472127516859e-05, 0.0, 0.0], "x_in": [1.4702107264420943, 2.852828433848687, 5.535689494437994, 10.741570651513111, 20.84317412986723, 40.44454222779511, 78.47945739089408, 152.2832227320015, 295.49363230351696], "out_hist": [0.7038419714713378, 0.025088023630582504, 0.006763278616223738, 0.0014361525531973224, 0.00041055650526430166, 7.742949278767152e-05, 3.855172520691332e-05, 1.586338449354332e-06, 7.180266586340742e-07], "x_out": [1.6046514988538698, 3.5451613666940722, 7.83233563479488, 17.304002597005486, 38.22978480990673, 84.46117818224874, 186.6003341479697, 412.25667760637543, 910.7999136607986]}