{"in_hist": [0.6917714119891353, 0.09529233003243187, 0.01940080020050704, 0.002693184297342209, 0.00037793608957695457, 6.055079892246331e-05, 7.31324562801708e-06, 1.0645403425102678e-06, 1.3950515232781615e-07], "x_in": [1.5040568062287296, 3.0203169464972026, 6.065139574196978, 12.179489340399389, 24.45779833723653, 49.11403777174409, 98.62656781218914, 198.05335337361566, 397.7136349024049], "out_hist": [0.6756388719578286, 0.03374158500319969, 0.00540914072286248, 0.0010821726224941358, 0.00022927488362475788, 4.821844333593673e-05, 8.306488079986663e-06, 1.2862648014350772e-06, 1.6645429862788423e-07], "x_out": [1.6239905701995427, 3.650700173994529, 8.20670514039136, 18.448518380416004, 41.47192138748106, 93.22809713517088, 209.5750041151581, 471.1206567499362, 1059.0703512262874]}