{"in_hist": [0.6778941355404706, 0.19287642121871137, 0.025675608237103072, 0.004095953456680591, 0.0007956944392671911, 9.878128783377225e-05, 1.7713479848440687e-05, 3.8116616037942366e-06, 1.0252618560941762e-06], "x_in": [1.4294361194502767, 2.657139119727854, 4.939282144558762, 9.181494458617472, 17.067225160743284, 31.725791046370723, 58.97419223325825, 109.6254887539884, 203.77977772069391], "out_hist": [0.8467945754269471, 0.09331420590866289, 0.011386330712916531, 0.0016211254725438965, 0.00033790182920940306, 0.00011004858981154607, 2.064433530046011e-05, 2.390574661788396e-06, 6.228539714852912e-07], "x_out": [1.4595245319250756, 2.800899186657147, 5.375062962093048, 10.315009545540285, 19.795009411974455, 37.98759428095452, 72.90005724278512, 139.89878660638922, 268.4726354707634]}