{"in_hist": [0.648704568607617, 0.2819598267540082, 0.028531978907586672, 0.00627346701840868, 0.0012657426974564746, 0.0002840484454087986, 5.6294019048865126e-05, 1.9540564295437132e-05, 4.133296684417212e-06], "x_in": [1.3864245867487397, 2.457921682734087, 4.357524423756659, 7.725233573152071, 13.695673955237629, 24.280364252033976, 43.04542369643617, 76.31304382307567, 135.29151666881663], "out_hist": [0.7443235981387633, 0.07820343087352012, 0.011257360119920226, 0.0036183549399344877, 0.0008202928644926926, 0.0002891908514837409, 7.371119833493238e-05, 1.7827452536799474e-05, 3.189752870746055e-06], "x_out": [1.49803144515739, 2.9901649762032867, 5.9685573449183575, 11.913615824907247, 23.78032643756426, 47.46702712159349, 94.74717135097792, 189.12131269598274, 377.4980340400688]}