{"number_of_words": [1, 10, 100, 1000, 10000], "accs": [0.07150595882990249, 0.4023783185840708, 0.551796572692095, 0.595632946379215, 0.5985074626865672], "f1s": [0.011498175555630758, 0.3960453310258493, 0.5531430511565167, 0.5996520034813227, 0.6025723169543845]}