{"number_of_words": [1, 10, 100, 1000, 10000], "accs": [0.07158314350797267, 0.4115076071922545, 0.5571712927125954, 0.600044230662907, 0.602587493780063], "f1s": [0.01085846312783138, 0.40543673301776567, 0.5559888762587277, 0.6022369086136748, 0.6048352346376936]}