{"number_of_words": [1, 10, 100, 1000, 10000, 100000], "accs": [0.06924922865958176, 0.4118429069960671, 0.5643893256560735, 0.6054365277085756, 0.6069866578087804, 0.6069866578087804], "f1s": [0.010261231951703805, 0.40467499303099874, 0.5654850370501863, 0.6103829146105038, 0.612345956747925, 0.612380580172647]}