{"number_of_words": [1, 10, 100, 1000, 10000, 100000], "accs": [0.07207977207977208, 0.40733772342427094, 0.5506388627689585, 0.5942253443221417, 0.5971569223961503, 0.5971569223961503], "f1s": [0.011488786276376962, 0.40178726316391894, 0.5525807781408103, 0.5998817815855282, 0.6032366692026667, 0.6032322900664547]}