{"number_of_words": [1, 10, 100, 1000, 10000], "accs": [0.0725976618192187, 0.40754278119288917, 0.5560106265220279, 0.599756489014334, 0.6030217499584924], "f1s": [0.01135653714313966, 0.400146282001222, 0.55596687626187, 0.6018566907822623, 0.6053476189669634]}