{"number_of_words": [1, 10, 100, 1000, 10000, 100000], "accs": [0.06987020160176746, 0.4111019055509528, 0.5569732118199392, 0.5987848660590996, 0.6011599005799503, 0.6012703673018504], "f1s": [0.01396968411424374, 0.40535799226050245, 0.5592807526572879, 0.6050710080303254, 0.6074322147190384, 0.6075857725326925]}