{"qx": [1.2629502369292949, 1.9271363649902291, 2.9406182925287108, 4.487090846006797, 6.846854048168312, 10.44761783654063, 15.9420250074708, 24.325943513165182, 37.11896873379604, 56.63985198004156, 86.42677697562581, 131.87865994117803, 201.23370969607942, 307.06261298156943, 468.54698665283365, 714.9560689585732, 1090.951804411961, 1664.683875309095, 2540.1419141589013, 3876.0037504831334], "qdist": [3.1273650100219544e-05, 2.0495209639156183e-05, 8.954367160146136e-06, 8.802376675494729e-05, 0.00040188220151438466, 0.0010043488810582625, 0.0029763558452556623, 0.0051361781067801125, 0.00714095257030681, 0.00814698803558697, 0.006338137288727383, 0.0035304528293347427, 0.0013803337644727244, 0.000412769488657132, 0.00010039762143445506, 2.2134446554747094e-05, 5.33408904366541e-06, 1.0755997493934599e-06, 1.503085114947265e-07, 2.7173736213090012e-08], "ax": [1.2548719684942926, 1.8945353461311893, 2.860263252232134, 4.3182651032487165, 6.519474557939136, 9.842737186199951, 14.860012790237464, 22.434814213633835, 33.87082473649902, 51.13627228673238, 77.20267704509163, 116.55627358811498, 175.97012736763932, 265.6698328844026, 401.09341943799734, 605.548358162536, 914.2229622892814, 1380.2425743719864, 2083.812858231623, 3146.0238285340483], "adist": [0.00034237761893933294, 0.0009741171754385926, 0.0014474779578742068, 0.004773435312329908, 0.005568636882314932, 0.010367978014681478, 0.012993539035901485, 0.013909861739076596, 0.01254253943279733, 0.008885927414538149, 0.005000362528735396, 0.002323594197938029, 0.0008433339823789359, 0.0002569870777453322, 6.378342903437187e-05, 1.4931872214817629e-05, 2.926513599205932e-06, 6.579299219844446e-07, 1.1246169817538468e-07, 9.311322223266106e-09], "cx": [1.143408196622851, 1.8933655507357654, 3.1352172560079974, 4.034448961417898, 5.19159506126565, 6.680629631930064, 8.596743727570608, 11.062430757170024, 14.235317247471851, 18.318239597100067, 23.572211008950923, 30.333107551364858, 39.03314005518129, 50.22848450286274, 64.6348372661715, 83.17316816887772, 107.02859627789346, 137.72615223646926], "cdist": [0.02192602297089378, 0.05514508653835142, 0.049564765988388375, 0.04609458041944232, 0.038122410670465616, 0.0635620155126824, 0.048018629100617494, 0.048298169996025146, 0.038862568502736554, 0.021947464674793696, 0.016784622881426358, 0.00969041695505132, 0.0041855623727763535, 0.00216174229060449, 0.0004425809331919453, 7.1234198521802044e-06, 3.1249876995128513e-07, 1.3876938980862998e-07]}