{"qx": [1.2629502369292949, 1.9271363649902291, 2.9406182925287108, 4.487090846006797, 6.846854048168312, 10.44761783654063, 15.9420250074708, 24.325943513165182, 37.11896873379604, 56.63985198004156, 86.42677697562581, 131.87865994117803, 201.23370969607942, 307.06261298156943, 468.54698665283365, 714.9560689585732, 1090.951804411961, 1664.683875309095, 2540.1419141589013, 3876.0037504831334], "qdist": [1.040999706228231e-05, 2.0466597738104588e-05, 1.7883733213040726e-05, 7.911079474454113e-05, 0.0004243635258162016, 0.0010042051836723386, 0.0029482846121519457, 0.005043614467856377, 0.0071030022860155, 0.008195269745028105, 0.006343284178370751, 0.0035328017655341633, 0.0013836987946974613, 0.0004109515757002683, 9.992074655080289e-05, 2.3078161831144153e-05, 5.386898639127511e-06, 9.79324812328941e-07, 1.6562612579032815e-07, 2.713580089720792e-08], "ax": [1.2544005028105736, 1.8926407400922658, 2.8556182519307627, 4.308559690183237, 6.5007591933272035, 9.808352008193003, 14.798851373447802, 22.328521834295934, 33.689296197619434, 50.830443981636876, 76.69302499566312, 115.71451323758431, 174.59017393782875, 263.421830008967, 397.45112202009216, 599.6746525891681, 904.7897188720488, 1365.1476377098218, 2059.7361285979123, 3107.7319421427374], "adist": [0.00036554675788069295, 0.0009020926873327198, 0.0013392671479519657, 0.0049929564463197405, 0.005446332947095834, 0.01027110987056005, 0.013057859486775404, 0.014026195442651856, 0.0127137499339119, 0.008952874408104614, 0.0050299317808805396, 0.002323576202526117, 0.0008577121977330464, 0.00026003302512036803, 6.558945531507844e-05, 1.5227950429612977e-05, 2.868238608790525e-06, 7.289568942508337e-07, 1.1367918539057366e-07, 9.418006828522585e-09], "cx": [1.1392149883015534, 1.8619138438525284, 3.0430807156937147, 3.8903656081656806, 4.973560013424782, 6.358348211596791, 8.128702955386093, 10.391977529067848, 13.285415589346217, 16.984473541050434, 21.713460111701195, 27.759138302574648, 35.488114530682914, 45.369069429149334, 58.00117836881209, 74.15044510499308, 94.79615180068626, 121.19024212861588], "cdist": [0.02243009184194829, 0.057441600196563435, 0.052560565496730605, 0.04921797614790451, 0.04099707097534922, 0.06843165992106674, 0.05195764254411492, 0.03655132694348181, 0.03579445251767287, 0.034401801915332986, 0.01776340013481352, 0.01166067874819998, 0.005576782304178266, 0.002840105004199014, 0.001154732425737141, 4.533420180432039e-05, 8.80050062291731e-07, 1.619725809640162e-07]}