{"qx": [1.2612955382771067, 1.920437331478366, 2.9240407439905463, 4.452118344280948, 6.778755662765491, 10.32127288226808, 15.715077989222362, 23.9276375137435, 36.432007361449706, 55.47104930950073, 84.45972468574456, 128.59762313474027, 195.80159345103726, 298.1257589636451, 453.92362028899834, 691.1400536892122, 1052.3236783963946, 1602.2586423730568, 2439.584711209084, 3714.489911785038], "qdist": [1.0475059942808076e-05, 2.0639277552803457e-05, 2.2592274742071433e-05, 8.902826933624293e-05, 0.0004287914103699936, 0.0010240710826857418, 0.0024498888612460618, 0.004938616988697733, 0.007117774055450985, 0.008084813644839242, 0.006486424757255773, 0.0037616271842221423, 0.0014860507228626242, 0.0004523029687580886, 0.00011098324002859802, 2.6074841924132883e-05, 6.315271394214833e-06, 1.2698764650256884e-06, 2.2746090551823583e-07, 1.7784603919814957e-08], "ax": [1.2548719684942926, 1.8945353461311893, 2.860263252232134, 4.3182651032487165, 6.519474557939136, 9.842737186199951, 14.860012790237464, 22.434814213633835, 33.87082473649902, 51.13627228673238, 77.20267704509163, 116.55627358811498, 175.97012736763932, 265.6698328844026, 401.09341943799734, 605.548358162536, 914.2229622892814, 1380.2425743719864, 2083.812858231623], "adist": [0.0003493621301011831, 0.0009256195611503209, 0.0015157121630598118, 0.004841535806894156, 0.005482742482245949, 0.010354283319911079, 0.013074769377332278, 0.013870392875528513, 0.012501917927310386, 0.00887599510571483, 0.004979267284961699, 0.0023424627759545437, 0.0008519340186148291, 0.00025731906526977314, 6.351684059319824e-05, 1.480136360768572e-05, 2.791977392442741e-06, 5.99965444478918e-07, 1.5895819940847438e-07], "cx": [1.1475087442878071, 1.9244528291202418, 3.2274426752255074, 4.179594707792298, 5.41264824174911, 7.009474132573148, 9.077391587400609, 11.755380856332946, 15.22342379381815, 19.714600048992626, 25.530751843719113, 33.06277013410037, 42.81686554441548, 55.44858968600868, 71.80689336023468, 92.99118270178806, 120.42520788214571, 155.95275027273263], "cdist": [0.02130081907010788, 0.052954714184531675, 0.046964609146092906, 0.04350405969556995, 0.07389537807120246, 0.029743978052915416, 0.06461555574125444, 0.041349766000673825, 0.032838961909271394, 0.021940951858284062, 0.012746682870187815, 0.007953310848387967, 0.003365832947539469, 0.0013758664045525244, 0.00010261122066308223, 1.1997788333063434e-06, 1.9301200625515147e-07, 8.942520450474175e-08]}