{"qx": [1.2629502369292949, 1.9271363649902291, 2.9406182925287108, 4.487090846006797, 6.846854048168312, 10.44761783654063, 15.9420250074708, 24.325943513165182, 37.11896873379604, 56.63985198004156, 86.42677697562581, 131.87865994117803, 201.23370969607942, 307.06261298156943, 468.54698665283365, 714.9560689585732, 1090.951804411961, 1664.683875309095, 2540.1419141589013, 3876.0037504831334], "qdist": [2.0800521499448115e-05, 2.0447455639274977e-05, 1.7867006828275314e-05, 8.781867068512577e-05, 0.0004278034270754569, 0.0009869220340027896, 0.0029867233097992346, 0.005089113437288087, 0.007133514520068677, 0.008132411666486681, 0.006339631078243457, 0.003539457511644756, 0.0013863862599654301, 0.0004076156521210339, 0.0001023503071570827, 2.2413565063501653e-05, 5.3818603544328695e-06, 1.0730935935058602e-06, 1.6030024261559126e-07, 1.0166407947634091e-08], "ax": [1.2548719684942926, 1.8945353461311893, 2.860263252232134, 4.3182651032487165, 6.519474557939136, 9.842737186199951, 14.860012790237464, 22.434814213633835, 33.87082473649902, 51.13627228673238, 77.20267704509163, 116.55627358811498, 175.97012736763932, 265.6698328844026, 401.09341943799734, 605.548358162536, 914.2229622892814, 1380.2425743719864, 2083.812858231623, 3146.0238285340483], "adist": [0.0003416174542835909, 0.0010182379320181243, 0.0015157961446736021, 0.004753812284277075, 0.005503968220140775, 0.010267749919145844, 0.012990915833461516, 0.013833379517028191, 0.01256733137542951, 0.008950221053695005, 0.004977271598771794, 0.0023277972441723294, 0.0008504309572662703, 0.00025403276698466107, 6.40304660344707e-05, 1.4432129119404516e-05, 2.8667310374778344e-06, 5.929398788998549e-07, 1.26238505450114e-07, 6.193765826517667e-09], "cx": [1.1475087442878071, 1.9244528291202418, 3.2274426752255074, 4.179594707792298, 5.41264824174911, 7.009474132573148, 9.077391587400609, 11.755380856332946, 15.22342379381815, 19.714600048992626, 25.530751843719113, 33.06277013410037, 42.81686554441548, 55.44858968600868, 71.80689336023468, 92.99118270178806, 120.42520788214571, 155.95275027273263], "cdist": [0.021350694204057767, 0.05293355852008623, 0.04703101338800549, 0.04331568879431792, 0.07388938930918805, 0.029641528903239192, 0.06471661414657169, 0.04151574612320362, 0.032772246404880204, 0.021957343127250967, 0.012745376505514171, 0.007917096159314933, 0.00334921514423594, 0.0013989203775284043, 0.00010053048629134942, 7.50760839387248e-07, 1.5459473888917727e-07, 2.984414115117785e-08]}