{"qx": [1.2652072633410003, 2.963328754395394, 4.535121373061189, 6.940615629598865, 10.622018983654247, 16.256092155276438, 24.878559581516377, 38.074508986476346, 58.26978164918778, 89.17692030250521, 136.47765427571707, 208.8673846710413, 319.653679650639, 489.2026348446927, 748.6828188574281, 1145.7950618566365, 1753.541407265899, 2683.6452428181306, 4107.089664069911], "qdist": [1.031152451942318e-05, 4.402554289240459e-06, 2.8767070701984072e-06, 1.6917222870274886e-05, 0.00010439901658473661, 0.00041892753435419727, 0.0013933200211770603, 0.0027127569754564363, 0.004126354156122124, 0.004994833815029372, 0.004240475353462877, 0.0023907847250167788, 0.0009152856742137916, 0.00025020224166618976, 5.6179998279273514e-05, 1.1295079218946393e-05, 2.425415394512782e-06, 3.5001926361783153e-07, 4.129464370328451e-08], "ax": [1.2764340178991878, 1.98213358620134, 3.0779918886944655, 4.779715218400306, 7.422266982872886, 11.525801150864954, 17.89804819414632, 27.79330694386865, 43.15933796226666, 67.02075636782328, 104.07439029862323, 161.6137940399366, 250.96489490871951, 389.715363411249, 605.1765309008762, 939.7592908513184, 1459.3221641075615, 2266.134742574743, 3519.0082065564984, 5464.5553616737525], "adist": [6.442487682876891e-05, 0.00016134093940482462, 0.00014842668596376008, 0.0006901041479080908, 0.002565491617319377, 0.004173848779315887, 0.005429267982673259, 0.007605034552377935, 0.008127210014015425, 0.006649628925366657, 0.0042969969134395904, 0.0021114789356275533, 0.0008045433513812253, 0.00024188857777158014, 5.628637549668139e-05, 1.0607610877415139e-05, 2.0161096601833423e-06, 3.1853035058728646e-07, 3.635107121691145e-08, 3.344141326970276e-09], "cx": [1.159624857490858, 2.01823407470137, 2.66255472781617, 4.633962994776687, 6.113354360094965, 8.065040997137512, 10.63980303678952, 14.036557123746173, 18.517723984826713, 24.429502089092733, 32.22861366818083, 42.51758939600339, 56.09131769238712, 73.9984548786306, 97.62244050772081, 128.78837681563024], "cdist": [0.001839318382828214, 0.005088255063010711, 0.010768081346283325, 0.03093623615101483, 0.01431393622411647, 0.03717534594923124, 0.031580956520733394, 0.023661589251905712, 0.030789876718218184, 0.018363196925316568, 0.01484474438585502, 0.00919899736509065, 0.00460499859179732, 0.002156680411303259, 0.0008439099782434536, 2.998596480001209e-05]}