{"qx": [1.2652072633410003, 2.963328754395394, 6.940615629598865, 10.622018983654247, 16.256092155276438, 24.878559581516377, 38.074508986476346, 58.26978164918778, 89.17692030250521, 136.47765427571707, 208.8673846710413, 319.653679650639, 489.2026348446927, 748.6828188574281, 1145.7950618566365, 1753.541407265899, 2683.6452428181306, 4107.089664069911], "qdist": [1.0321290557109304e-05, 4.4067239453396065e-06, 1.1288830106843675e-05, 9.589218400006818e-05, 0.00040647144821263307, 0.0013731190370691077, 0.0026813717863460648, 0.004144604967830305, 0.0050112791733114255, 0.004260566224570452, 0.0023718544587255507, 0.0009184811188425663, 0.0002507862246309863, 5.494249376456192e-05, 1.1602097542997818e-05, 2.368136736779615e-06, 3.5521674948817244e-07, 6.041087098458356e-08], "ax": [1.2632505119395645, 1.9283531998915793, 2.9436331340350907, 4.493458993029096, 6.859269753617794, 10.470682301960705, 15.983507254656093, 24.398840189412013, 37.24485453060069, 56.85430857519117, 86.78816025196923, 132.482215485217, 202.2342375839592, 308.71077073532865, 471.24730760999444, 719.3594975669395, 1098.1030095731087, 1676.255368438104, 2558.8055362036525, 3906.0192709224584], "adist": [6.764483008255851e-05, 0.0001920258109487062, 0.00015159879834134084, 0.0007226481696724224, 0.0018243959996889173, 0.003172857325950295, 0.005825667269836658, 0.007226438399924903, 0.008315453590827368, 0.007146626472253332, 0.005273454092144811, 0.0030590678713464103, 0.0013170619808335802, 0.0004659225897442035, 0.00012715425038107726, 3.0647695015339056e-05, 5.76719101332622e-06, 1.1668327826422307e-06, 1.8181946772161336e-07, 3.403104127439209e-08], "cx": [1.1414866860955675, 1.878910684125385, 3.0927258302029443, 3.9678848876380997, 5.090690654759296, 6.531220556118432, 8.379382061407327, 10.750524060201663, 13.79263610633886, 17.695584856754774, 22.702964176565057, 29.127298508342207, 37.369548390065624, 47.9441355152623, 61.51104921880484, 78.91703824326493, 101.2484586782984, 129.8990764596513], "cdist": [0.0018893654930193257, 0.0063568620686028825, 0.010186499528200626, 0.017928134514842608, 0.01712754341955806, 0.03070672816241351, 0.02750388327424266, 0.034775618357214745, 0.026738064538265827, 0.024820013854680537, 0.02388781515376908, 0.016245065654923823, 0.012261551427628517, 0.006343149962748174, 0.0038557714602452573, 0.0016210221865178593, 0.0007043154748035244, 2.2074994339381736e-05]}