{"qx": [1.935413646138972, 2.9611482184600764, 4.530503744861822, 6.931589595633655, 10.605207947744919, 16.22577823790366, 24.82515012651033, 37.9820351152167, 58.11183352937676, 88.9100646108633, 136.03080661896067, 208.12469803496424, 318.427060816292, 487.1877005345535, 745.3884570729986, 1140.4309906182848, 1744.8389923688237, 2669.5724110760057, 4084.397981215986], "qdist": [6.75097048924784e-06, 4.412450659550775e-06, 5.767976872059848e-06, 1.8849818254967433e-05, 9.486620879989043e-05, 0.0004195388617776636, 0.0014052687422140685, 0.002467186944911917, 0.004280522187132149, 0.005016510347318387, 0.004185526513581222, 0.0024185093004857137, 0.0009336989706767846, 0.0002560416488620576, 5.5619543160581966e-05, 1.1995481341141939e-05, 2.493612026907115e-06, 3.9155095716037564e-07, 4.798474757967327e-08], "ax": [1.259913725197931, 1.9148514646863242, 2.9102438194609976, 4.423068444161723, 6.722300836416702, 10.216737341005167, 15.527677864344081, 23.599391059134327, 35.867002344299024, 54.51165472627838, 82.84830921949921, 125.91513457067947, 191.36927794080768, 290.8482817768748, 442.03920254496455, 671.8233141789335, 1021.0555147050671, 1551.8281996268365, 2358.5110960912543, 3584.529905902721], "adist": [6.090308397982552e-05, 0.00022039802071070188, 0.0001878605480276705, 0.0007134480297332008, 0.0019347811621366407, 0.0033299603696594856, 0.005086211961110431, 0.007430007575975597, 0.008178527313137568, 0.007245284470727592, 0.005546789575830693, 0.003283521167190909, 0.0015021701241880409, 0.0005547879853267801, 0.0001604385633111598, 3.857628294938851e-05, 8.041082431810245e-06, 1.390685682223968e-06, 2.9280917264374843e-07, 4.548904487705699e-08], "cx": [1.159624857490858, 2.01823407470137, 2.66255472781617, 4.633962994776687, 6.113354360094965, 8.065040997137512, 10.63980303678952, 14.036557123746173, 18.517723984826713, 24.429502089092733, 32.22861366818083, 42.51758939600339, 56.09131769238712, 73.9984548786306, 97.62244050772081, 128.78837681563024, 169.90402940697803], "cdist": [0.0018333534428389944, 0.005239038977833679, 0.010696400699595623, 0.03074247773404988, 0.014414447067973865, 0.03710996469690982, 0.03176828743044204, 0.02360949464723047, 0.030765778375068113, 0.01831364811712651, 0.014853186299950933, 0.009217675084461842, 0.004604614572959614, 0.002162868383883213, 0.0008378231717204222, 3.143204291776666e-05, 2.5536651872969106e-08]}