{"qx": [1.2727450417270412, 4.698292837103777, 7.261164988907233, 11.222058484680101, 17.34358010401484, 26.804331062346463, 41.4258278504767, 64.02320614178768, 98.94723020306935, 152.92196306409198, 236.33937745788566, 365.26016419087347, 564.5059616378048, 872.4383657619383, 1348.3448427099615, 2083.8535834847007, 3220.575048645858, 4977.366800701821], "qdist": [1.0050073976744756e-05, 2.7225169367639655e-06, 1.0569528588676393e-05, 0.00013335951468452964, 0.0005752631095782848, 0.0014440247028004876, 0.003069822289181539, 0.004428140529149998, 0.00505016975278195, 0.003728064709758862, 0.0018696477109513324, 0.0006426405084492754, 0.00015396840138655026, 3.200587114825745e-05, 5.948085941304232e-06, 1.1417116048428697e-06, 1.5489658944682413e-07, 2.3128823133909743e-08], "ax": [1.260645120487502, 1.917807119130395, 2.917541254405457, 4.438427037968993, 6.752135738141822, 10.27195820417371, 15.626629771712597, 23.772639371035826, 36.16508427737496, 55.017589775209075, 83.69772240699176, 127.3285282895915, 193.70364748466528, 294.67946855968364, 448.29299973554726, 681.983765595098, 1037.4952471032072, 1578.3313944760594, 2401.1001474408986, 3652.7702219054822], "adist": [5.326206953905839e-05, 0.00014504605320535112, 0.00019397593339134196, 0.0006699547231516368, 0.001956165613372329, 0.0033439819288966447, 0.00503646832430856, 0.007282635723766968, 0.008107033576252878, 0.0075012244865138985, 0.005532500817796479, 0.0031652049005915827, 0.001458493786100203, 0.0005280081070609499, 0.00015369394338777612, 3.677989635631086e-05, 7.63671838936769e-06, 1.4524879905492883e-06, 2.436870244503556e-07, 4.989351391865858e-08], "cx": [1.1473242946391613, 1.9230474253685412, 3.2232485771423915, 4.172974223290758, 5.402535191278185, 6.994384563914796, 9.055270108542366, 11.723392671558539, 15.17767378378909, 19.649753952709126, 25.439526234541013, 32.935246751457406, 42.63957074430779, 55.20326011155132, 71.46882282698422, 92.52701065033752, 119.78996380859981, 155.0859076545051], "cdist": [0.0019026688517763345, 0.005865024721912651, 0.009390474113917172, 0.01658232389976828, 0.032699952036218935, 0.014182077291118401, 0.037360083452045154, 0.031110898588270573, 0.030041663889964754, 0.024477331126663896, 0.018058524141630644, 0.014923119057183664, 0.008761199957474475, 0.004781827016385455, 0.002274454414199289, 0.0010652082247514752, 0.0001297831841965185, 1.2030708399589928e-07]}