{"qx": [1.2642013234037761, 1.9322086487879417, 2.9531928129919343, 4.513667711909913, 6.898701677692899, 10.543993903721528, 16.115468190370677, 24.63092423670546, 37.64596979669692, 57.53819987890873, 87.94153698746607, 134.4100778959674, 205.43271881380593, 313.98391117589256, 479.8938408962214, 733.4710166124271, 1121.0390431470605, 1713.3990407205724, 2618.7636288748427, 4002.525261735661], "qdist": [1.0360645333005813e-05, 2.0336222306301134e-05, 1.330553983845708e-05, 5.5134960118598535e-05, 0.00032276363960213693, 0.0007515420347209696, 0.0023106649687146463, 0.0039558234270622075, 0.006204879053696069, 0.006977820003241623, 0.005936716228996007, 0.0036380118158992527, 0.0016120526264877112, 0.0005290754929009308, 0.00014006980348910936, 3.3054189250620274e-05, 7.793062214429144e-06, 1.6664835150154273e-06, 2.600818770498944e-07, 3.92690334770003e-08], "ax": [1.2556911351047066, 1.8978293184563864, 2.868345583798596, 4.335166660186666, 6.552094028609083, 9.902718747584734, 14.966793541969931, 22.6205464012181, 34.18829277325038, 51.67157954621925, 78.0955091998711, 118.03216798766124, 178.39172601093026, 269.6180918449754, 407.49600374218903, 615.8822352371333, 930.8334908743464, 1406.8452346246227, 2126.2809445402568, 3213.623321062269], "adist": [0.000317270366852853, 0.00047616150184302656, 0.0009824150464334195, 0.0035817845533593433, 0.004334880964828778, 0.008130532060052369, 0.012735328953090217, 0.011987344348203892, 0.011255872205422037, 0.008449904985485902, 0.005101736859402901, 0.002662038880179271, 0.001034104376815156, 0.00033495164858287117, 9.051724599900788e-05, 2.1520144111901012e-05, 4.582695507515583e-06, 9.531499838340678e-07, 2.056460390355982e-07, 3.6283966554158294e-08], "cx": [1.1392149883015534, 1.8619138438525284, 3.0430807156937147, 3.8903656081656806, 4.973560013424782, 6.358348211596791, 8.128702955386093, 10.391977529067848, 13.285415589346217, 16.984473541050434, 21.713460111701195, 27.759138302574648, 35.488114530682914, 45.369069429149334, 58.00117836881209, 74.15044510499308, 94.79615180068626, 121.19024212861588], "cdist": [0.01681864769901979, 0.041430858866726296, 0.047153494052701625, 0.04603646509001671, 0.038638261936811524, 0.065297913765083, 0.050560560531911734, 0.03615420868274577, 0.03594018994694335, 0.035255126392283946, 0.01856755383843533, 0.012456752319871834, 0.00612085556381029, 0.0031940236279712013, 0.0014185546552008628, 0.00011632708191812105, 3.2608105480863384e-06, 4.048629845664264e-07]}