{"qx": [1.2642013234037761, 1.9322086487879417, 2.9531928129919343, 4.513667711909913, 6.898701677692899, 10.543993903721528, 16.115468190370677, 24.63092423670546, 37.64596979669692, 57.53819987890873, 87.94153698746607, 134.4100778959674, 205.43271881380593, 313.98391117589256, 479.8938408962214, 733.4710166124271, 1121.0390431470605, 1713.3990407205724, 2618.7636288748427, 4002.525261735661], "qdist": [2.0701910462744775e-05, 2.0317202249668153e-05, 1.3293095436667602e-05, 5.218426753355939e-05, 0.0003300491009648137, 0.000749598076267367, 0.0023223077779437836, 0.004024376457010474, 0.006200118552242749, 0.006941500963881778, 0.005908992554537177, 0.003656709176846986, 0.0016127106446182323, 0.0005294141855444071, 0.00014094771088057271, 3.273782193884239e-05, 7.6690452825579e-06, 1.7031112373668064e-06, 2.5484173105323084e-07, 2.6154870630487303e-08], "ax": [1.275614139884873, 1.9787687278635753, 3.069522009785982, 4.761529346955681, 7.386218977951224, 11.457711759169925, 17.77352650227475, 27.57079694156565, 42.768599911545856, 66.34386166894778, 102.91447441000383, 159.6438431024377, 247.6440441116257, 384.1524445425002, 595.9081357170054, 924.3895522690865, 1433.9392150035, 2224.3670617842595, 3450.5010908280806, 5352.514871468873], "adist": [0.0002871879587424589, 0.00047672480150477887, 0.0009398647512521056, 0.0031621386460135804, 0.005783116256555191, 0.009428131099039585, 0.012164457741527357, 0.012021006225533782, 0.010092481607028208, 0.00641142298255704, 0.003409357851529898, 0.001361009953899542, 0.00043628396555666634, 0.00011095537304567765, 2.4436745718023676e-05, 4.8052088737235166e-06, 8.686278039458213e-07, 1.60577137464726e-07, 2.123407652009389e-08, 1.7110696082756542e-09], "cx": [1.1585744107991731, 2.009988753511659, 2.6474543181138115, 4.593018243147648, 6.049688566541631, 7.968340166457299, 10.495489860344005, 13.824122101649497, 18.20842613581929, 23.983207027954915, 31.589452875019994, 41.608010629269074, 54.80394216939324, 72.18494784736022, 95.07831899428862, 125.23229582287897, 217.26313289346763], "cdist": [0.014987464083928356, 0.03410115097341792, 0.0483630157659783, 0.07199298961144869, 0.03032649696450702, 0.06947235131170675, 0.03197683504491803, 0.03993126476441685, 0.027061187377950328, 0.017928780148221798, 0.008448304439952958, 0.004435017849843238, 0.0017310177520269057, 0.00020046846091279898, 2.9878953633845187e-06, 3.489933728169397e-07, 2.0116271326284172e-08]}