{"belovedness": [86.1, 67.1, 66.7, 62.9, 62.3, 62.1, 59.7, 58.3, 51.7, 44.1, 43.4, 42.9, 33.1, 28.6, 23.4, 19.6], "mean_sent": [0.21793379777676763, 0.2314181293888192, 0.24780203195801864, 0.27435874400785265, 0.1981520857124401, 0.26480788843573044, 0.25689257552426187, 0.2665469672074247, 0.22225943122003736, 0.2300144100222822, 0.18581212764622634, 0.23651077595548456, 0.1729358198578224, 0.17663179460004566, 0.2250502757949226, 0.3022323125410188], "a": 0.0002608710461439115, "b": 0.2185957423862686}