{"sent": [-0.98, -0.94, -0.9, -0.86, -0.8200000000000001, -0.78, -0.74, -0.7, -0.6599999999999999, -0.62, -0.5800000000000001, -0.54, -0.5, -0.45999999999999996, -0.42, -0.38, -0.33999999999999997, -0.3, -0.26, -0.21999999999999997, -0.18, -0.14, -0.09999999999999998, -0.06, -0.020000000000000018, 0.020000000000000018, 0.06000000000000005, 0.10000000000000009, 0.14, 0.17999999999999994, 0.21999999999999997, 0.26, 0.30000000000000004, 0.3400000000000001, 0.3800000000000001, 0.42000000000000004, 0.45999999999999996, 0.5, 0.54, 0.5800000000000001, 0.6200000000000001, 0.66, 0.7, 0.74, 0.78, 0.8200000000000001, 0.8600000000000001, 0.9, 0.94, 0.98], "prob": [0.0705695035751538, 0.08926067267725311, 0.09812371387424398, 0.10608075530443159, 0.11661792650529915, 0.12512644605441028, 0.12201453381191119, 0.16355265355514295, 0.17064308651273633, 0.15191252611642792, 0.1670387830926266, 0.2207882040406012, 0.152286743411412, 0.3335851750076416, 0.5996339760942124, 0.22153663863056935, 0.22575150711091624, 0.3267310898153027, 0.21803081344598174, 0.26031736777918163, 0.12774596711929914, 0.2183065525054437, 0.17637451982012342, 0.28576414383809917, 0.11360449249832184, 6.082193086670296, 0.5437968165531668, 0.14468422362910405, 0.29145618585127875, 0.19776399257552868, 0.40362289611097596, 0.5055084785821651, 0.8123863561162067, 0.40874376435812637, 0.907181505629803, 1.0083186535110296, 0.939462671233955, 0.5207529094409898, 0.5323930368797049, 0.5708980269688552, 0.6828480851104053, 0.5945328034941681, 0.7357308975857857, 0.5864575881813506, 0.6515517018614745, 0.6525561798638001, 0.6577558306993683, 0.6461550945548656, 0.6125149293005046, 0.4493364930403458]}