{"belovedness": [86.1, 67.1, 66.7, 62.9, 62.3, 62.1, 59.7, 58.3, 51.7, 44.1, 43.4, 42.9, 33.1, 28.6, 23.4, 19.6], "mean_sent": [0.22301934475018625, 0.23266179159789582, 0.24759069332856457, 0.2723233708769, 0.19506915479898884, 0.2644483289523089, 0.256286920243219, 0.26449379202772855, 0.22191115164008818, 0.23038662573442711, 0.18494791581781514, 0.23218364635821065, 0.1723918243359176, 0.17806197230579857, 0.2242208059407392, 0.30177219739212624], "a": 0.0002936443071425712, "b": 0.21645814741882158}