{"belovedness": [86.1, 67.1, 66.7, 62.9, 62.3, 62.1, 59.7, 58.3, 51.7, 44.1, 43.4, 42.9, 33.1, 28.6, 23.4, 19.6], "mean_sent": [0.22241536786787036, 0.23556484339596004, 0.24668782235301803, 0.2776433967449858, 0.19383317366515404, 0.26689490342913974, 0.25446939993785983, 0.2628549336513006, 0.22177485775017566, 0.23100425031987118, 0.18434885160114897, 0.235419029659851, 0.1706086205819888, 0.17675366135017376, 0.22256184652563415, 0.30210018248175974], "a": 0.00031996298435776037, "b": 0.2153203248760868}