{"qx": [1.2642013234037761, 1.9322086487879417, 2.9531928129919343, 4.513667711909913, 6.898701677692899, 10.543993903721528, 16.115468190370677, 24.63092423670546, 37.64596979669692, 57.53819987890873, 87.94153698746607, 134.4100778959674, 205.43271881380593, 313.98391117589256, 479.8938408962214, 733.4710166124271, 1121.0390431470605, 1713.3990407205724, 2618.7636288748427, 4002.525261735661], "qdist": [3.112538769593559e-05, 2.0364651789205335e-05, 8.882760412967511e-06, 5.811793398500949e-05, 0.0003118072712530997, 0.0007613003537269595, 0.002286222884080504, 0.004047087922654906, 0.006224354031284758, 0.00696044788738244, 0.005917274178524485, 0.0036539294636852584, 0.0015998768217579827, 0.0005319038081745587, 0.00014034761195565556, 3.2528159994912146e-05, 7.640155512230614e-06, 1.6764683199005272e-06, 2.3540263128896105e-07, 4.260092472176952e-08], "ax": [1.2557594558913017, 1.8981041662295344, 2.869020343789292, 4.336578507926541, 6.55482042716095, 9.907735038992701, 14.975728884368618, 22.63609742645215, 34.214889349035936, 51.716452315616976, 78.17039572535829, 118.15603148040907, 178.59507612381896, 269.949835112406, 408.03428100499707, 616.7515323946701, 932.2316050854447, 1409.085701248101, 2129.859685758956, 3219.323194468016], "adist": [0.00028690940761328835, 0.0005437951684647667, 0.0010148154777035012, 0.003547802175047624, 0.0043690171335748935, 0.008310747972092676, 0.012698182311412823, 0.011966255122256709, 0.011137238624444726, 0.008446563782112332, 0.005253664104896265, 0.0025621253816697862, 0.0010272140218824683, 0.0003398313643146579, 9.123409490109028e-05, 2.1788050388302955e-05, 4.543755523977419e-06, 9.605653448033521e-07, 1.9202059848089676e-07, 3.327190201453609e-08], "cx": [1.1436151142651896, 1.8949263995547336, 3.1398203949382384, 4.041671724520694, 5.202562017599545, 6.6968950948581325, 8.620445803398209, 11.096498421542023, 14.283748199048528, 18.38647245853163, 23.6676231446632, 30.465679949275696, 39.216344163439544, 50.48046365963028, 64.97997877290538, 83.64419292574618, 107.6693335750474, 138.59522086352186], "cdist": [0.016354641615749906, 0.039647221032042976, 0.04444381899180675, 0.04307013789152039, 0.03578072997083869, 0.0602336262683256, 0.046546349786319344, 0.04779062751687658, 0.03913293060293257, 0.022544792900903648, 0.017603092014564097, 0.010355786613839367, 0.004962374183470132, 0.002124466374266186, 0.0006753807706036194, 1.8196578660889096e-05, 8.862838219733296e-07, 2.065560151547709e-07]}