{"sent": [-0.98, -0.94, -0.9, -0.86, -0.8200000000000001, -0.78, -0.74, -0.7, -0.6599999999999999, -0.62, -0.5800000000000001, -0.54, -0.5, -0.45999999999999996, -0.42, -0.38, -0.33999999999999997, -0.3, -0.26, -0.21999999999999997, -0.18, -0.14, -0.09999999999999998, -0.06, -0.020000000000000018, 0.020000000000000018, 0.06000000000000005, 0.10000000000000009, 0.14, 0.17999999999999994, 0.21999999999999997, 0.26, 0.30000000000000004, 0.3400000000000001, 0.3800000000000001, 0.42000000000000004, 0.45999999999999996, 0.5, 0.54, 0.5800000000000001, 0.6200000000000001, 0.66, 0.7, 0.74, 0.78, 0.8200000000000001, 0.8600000000000001, 0.9, 0.94, 0.98], "prob": [0.07259029682850138, 0.08787453253420503, 0.09816879925629808, 0.10683248556248728, 0.1147692866230328, 0.12586902077948806, 0.1263798050061568, 0.1646100398175949, 0.17152527242480306, 0.15079922015035901, 0.16787120064940353, 0.21667073984344837, 0.15168326977343954, 0.3322258483536636, 0.5962030658055117, 0.22435214879065923, 0.22413604777168397, 0.3260571465392803, 0.21934253425986955, 0.2630538767344069, 0.1276174744784699, 0.21892997776909862, 0.1755526095966139, 0.28733577304835295, 0.11229394767840702, 6.08381340502124, 0.5471284889509509, 0.14704692063906166, 0.28806265829399774, 0.1997362781746613, 0.40444287978575316, 0.5032992731933361, 0.811577199535107, 0.41179031443091135, 0.9022806908631696, 1.0088970754066873, 0.9333992375956042, 0.5197818872769931, 0.5289956489042102, 0.566557935111543, 0.6809539563381637, 0.5945724853896093, 0.7390261938009648, 0.5886395301413767, 0.6488924233411097, 0.655512972740624, 0.6610137259509029, 0.6422718739415991, 0.6175381300425202, 0.45202439505466535]}