{"belovedness": [86.1, 67.1, 66.7, 62.9, 62.3, 62.1, 59.7, 58.3, 51.7, 44.1, 43.4, 42.9, 33.1, 28.6, 23.4, 19.6], "mean_sent": [0.2224153678678712, 0.23556484339596054, 0.24668782235302067, 0.27764339674498667, 0.19383317366515213, 0.26689490342914135, 0.2544693999378638, 0.2628549336513019, 0.22177485775017644, 0.23100425031987062, 0.1843488516011463, 0.23541902965985045, 0.17060862058198986, 0.1767536613501747, 0.22256184652563332, 0.30210018248176296], "a": 0.00031996298435776953, "b": 0.21532032487608702}