{"belovedness": [86.1, 67.1, 66.7, 62.9, 62.3, 62.1, 59.7, 58.3, 51.7, 44.1, 43.4, 42.9, 33.1, 28.6, 23.4, 19.6], "mean_sent": [0.22090142089672515, 0.23212122868530866, 0.24549494745792935, 0.2743583147265182, 0.19452635435714635, 0.27210288260952, 0.25527211622673296, 0.26176776765508897, 0.22228145950446696, 0.2286674360070202, 0.1831030371394146, 0.23109105419140427, 0.1727524840685509, 0.17627095003570678, 0.2205580520088109, 0.30058997087516387], "a": 0.0003262003229195456, "b": 0.2141865508896772}