{"qx": [1.2637327235675468, 1.9303080696633528, 2.9484788787368132, 4.503699608878106, 6.879245536837143, 10.507809859877046, 16.05031648602764, 24.516303847989974, 37.447807019269824, 57.20023129291768, 87.3713768680673, 133.45675923459126, 203.85058841746542, 311.3747301858358, 475.61414146987676, 726.484167264059, 1109.6794633865625, 1694.9970377183863, 2589.049408111174, 3954.6835118153863], "qdist": [1.0378315487672897e-05, 2.038340475813396e-05, 1.7792790705557326e-05, 6.697928699391797e-05, 0.00032601486273828214, 0.0007676177528322395, 0.0023255913066981093, 0.003994064650292771, 0.006236929815051117, 0.00699745934280432, 0.005842625751987058, 0.003706625141744765, 0.001642365860878651, 0.0005451721814425466, 0.00014383511458425794, 3.417484551666365e-05, 8.285191848946212e-06, 1.841577980427885e-06, 2.836806991580394e-07, 2.321498496824505e-08], "ax": [1.2557594558913017, 1.8981041662295344, 2.869020343789292, 4.336578507926541, 6.55482042716095, 9.907735038992701, 14.975728884368618, 22.63609742645215, 34.214889349035936, 51.716452315616976, 78.17039572535829, 118.15603148040907, 178.59507612381896, 269.949835112406, 408.03428100499707, 616.7515323946701, 932.2316050854447, 1409.085701248101, 2129.859685758956, 3219.323194468016], "adist": [0.0003172019328476921, 0.0005169633520727631, 0.0010734555353532893, 0.0035262730684422865, 0.0043383076768465706, 0.008250619316750939, 0.012820393378103635, 0.011937690668808542, 0.011116394705441488, 0.008427122134912438, 0.005232118585030506, 0.0025710855171581434, 0.0010368402317749211, 0.00034189989239937873, 9.107374869451608e-05, 2.145484077080819e-05, 4.522976510672079e-06, 8.480591199974548e-07, 2.3263636764725567e-07, 2.7160412167927814e-08], "cx": [1.1585744107991731, 2.009988753511659, 2.6474543181138115, 4.593018243147648, 6.049688566541631, 7.968340166457299, 10.495489860344005, 13.824122101649497, 18.20842613581929, 23.983207027954915, 31.589452875019994, 41.608010629269074, 54.80394216939324, 72.18494784736022, 95.07831899428862, 125.23229582287897, 164.94957086916048, 217.26313289346763], "cdist": [0.014867610287958688, 0.034175017013732996, 0.04846282024169171, 0.07229559683241668, 0.030189526238620024, 0.06961678176010168, 0.03184292133016457, 0.03973109136479685, 0.027156242743877262, 0.017947505924429383, 0.008465587187202127, 0.004445706415317528, 0.0017116399973547652, 0.00020064934881032316, 3.489314518939129e-06, 4.531427436930687e-07, 2.6464081779261223e-08, 2.0091945075080624e-08]}