{"rust": {}, "typescript": {}, "python": {}, "kotlin": {}, "go": {}, "dart": {}, "c#": {}, "javascript": {"don39": 0.011411279850470203, "think": 0.022822559700940406, "fix": 0.011411279850470203, "issue": 0.011411279850470203, "arialabelledby": 0.011411279850470203, "point": 0.011411279850470203, "id": 0.04564511940188081, "button": 0.10270151865423181, "opens": 0.011411279850470203, "modal": 0.18258047760752324, "in": 0.011411279850470203, "example": 0.03423383955141061, "rehbankhatri": 0.022822559700940406, "good": 0.022822559700940406, "way": 0.011411279850470203, "create": 0.011411279850470203, "empty": 0.011411279850470203, "fill": 0.011411279850470203, "js": 0.06846767910282121, "i": 0.3993947947664571, "click": 0.07987895895329142, "why": 0.022822559700940406, "you39": 0.011411279850470203, "using": 0.03423383955141061, "seancegtidseance": 0.05705639925235101, "assume": 0.011411279850470203, "unique": 0.011411279850470203, "say": 0.011411279850470203, "variable": 0.011411279850470203, "selectedreservation": 0.011411279850470203, "bind": 0.011411279850470203, "on": 0.03423383955141061, "change": 0.03423383955141061, "39": 0.05705639925235101, "value": 0.011411279850470203, "one": 0.03423383955141061, "clicked": 0.011411279850470203, "see": 0.03423383955141061, "reason": 0.011411279850470203, "would": 0.03423383955141061, "getting": 0.011411279850470203, "behavior": 0.022822559700940406, "gave": 0.011411279850470203, "need": 0.011411279850470203, "larger": 0.011411279850470203, "but": 0.011411279850470203, "maybe": 0.011411279850470203, "try": 0.04564511940188081, "track": 0.011411279850470203, "code": 0.022822559700940406, "for": 0.011411279850470203, "often": 0.011411279850470203, "put": 0.022822559700940406, "several": 0.03423383955141061, "consolelogquotquot": 0.011411279850470203, "messages": 0.011411279850470203, "different": 0.011411279850470203, "numbers": 0.011411279850470203, "something": 0.011411279850470203, "seem": 0.011411279850470203, "order": 0.011411279850470203, "unexpected": 0.011411279850470203, "is": 0.011411279850470203, "javascript": 0.04564511940188081, "contained": 0.011411279850470203, "structure": 0.03423383955141061, "how": 0.011411279850470203, "showopen": 0.011411279850470203, "what": 0.011411279850470203, "mean": 0.011411279850470203, "laravel": 0.011411279850470203, "55": 0.011411279850470203, "bootstrap": 0.022822559700940406, "37": 0.011411279850470203, "jquery": 0.03423383955141061, "when": 0.022822559700940406, "open": 0.03423383955141061, "close": 0.05705639925235101, "directly": 0.03423383955141061, "action": 0.03423383955141061, "performs": 0.04564511940188081, "two": 0.011411279850470203, "times": 0.09129023880376162, "opening": 0.05705639925235101, "function": 0.10270151865423181, "if": 0.011411279850470203, "three": 0.022822559700940406, "four": 0.011411279850470203, "finnaly": 0.011411279850470203, "x": 0.04564511940188081, "x1": 0.011411279850470203, "it": 0.022822559700940406, "old": 0.011411279850470203, "openings": 0.011411279850470203, "last": 0.011411279850470203, "html": 0.011411279850470203, "foreach": 0.03423383955141061, "seance": 0.022822559700940406, "ltdiv": 0.022822559700940406, "classrowgt": 0.011411279850470203, "ltbutton": 0.011411279850470203, "classbtn": 0.011411279850470203, "btnprimary": 0.011411279850470203, "boutonreservation": 0.011411279850470203, "datatogglemodal": 0.011411279850470203, "datatargetreservationmodal": 0.011411279850470203, "ltbuttongt": 0.022822559700940406, "ltdivgt": 0.04564511940188081, "classmodal": 0.011411279850470203, "fade": 0.011411279850470203, "reservationmodal": 0.04564511940188081, "idreservationmodal": 0.011411279850470203, "dataseance": 0.011411279850470203, "roledialog": 0.011411279850470203, "arialabelledbyreservationmodal": 0.011411279850470203, "ariahiddentruegt": 0.011411279850470203, "content": 0.05705639925235101, "form": 0.011411279850470203, "endforeach": 0.011411279850470203, "documentreadyfunction": 0.011411279850470203, "documentshownbsmodal": 0.022822559700940406, "e": 0.05705639925235101, "documenthiddenbsmodal": 0.011411279850470203, "functione": 0.011411279850470203, "hope": 0.011411279850470203, "problem": 0.05705639925235101, "explained": 0.011411279850470203, "quite": 0.011411279850470203, "clearly": 0.011411279850470203, "the": 0.022822559700940406, "come": 0.022822559700940406, "fact": 0.022822559700940406, "use": 0.06846767910282121, "instead": 0.022822559700940406, "reservationmodalshownbsmodal": 0.011411279850470203, "exemple": 0.022822559700940406, "2": 0.011411279850470203, "choose": 0.011411279850470203, "nico": 0.011411279850470203, "select": 0.011411279850470203, "third": 0.011411279850470203, "append": 0.022822559700940406, "3": 0.011411279850470203, "data": 0.03423383955141061, "starts": 0.011411279850470203, "ajouter": 0.011411279850470203, "however": 0.022822559700940406, "futhermore": 0.011411279850470203, "delete": 0.011411279850470203, "info": 0.022822559700940406, "right": 0.011411279850470203, "side": 0.011411279850470203, "disappears": 0.011411279850470203, "thank": 0.011411279850470203, "help": 0.022822559700940406, "document39shownbsmodal39": 0.011411279850470203, "39reservationmodal39": 0.011411279850470203, "39reservationmodal3939shownbsmodal39": 0.011411279850470203, "number": 0.022822559700940406, "modals": 0.011411279850470203, "reservations": 0.022822559700940406, "1": 0.011411279850470203, "amp": 0.011411279850470203, "based": 0.011411279850470203, "whatever": 0.011411279850470203, "selected": 0.022822559700940406, "this": 0.011411279850470203, "might": 0.011411279850470203, "solution": 0.011411279850470203, "could": 0.011411279850470203, "solve": 0.011411279850470203, "file": 0.011411279850470203, "loops": 0.011411279850470203, "juste": 0.011411279850470203, "ajax": 0.011411279850470203, "calls": 0.011411279850470203, "used": 0.022822559700940406, "thank39": 0.011411279850470203, "consolelog": 0.011411279850470203, "understand": 0.011411279850470203, "executes": 0.011411279850470203, "even": 0.011411279850470203, "already": 0.022822559700940406, "programming": 0.011411279850470203, "show": 0.011411279850470203, "updated": 0.022822559700940406, "question": 0.03423383955141061, "and": 0.011411279850470203, "outside": 0.011411279850470203, "window": 0.011411279850470203, "write": 0.011411279850470203, "management": 0.011411279850470203, "they": 0.011411279850470203, "documentready": 0.011411279850470203, "possible": 0.011411279850470203, "according": 0.011411279850470203, "putting": 0.011411279850470203, "shown47hiddenbsmodal": 0.011411279850470203, "document": 0.011411279850470203, "ready": 0.011411279850470203, "yes": 0.011411279850470203, "make": 0.011411279850470203, "sense": 0.011411279850470203, "ask": 0.011411279850470203, "store": 0.011411279850470203, "can": 0.011411279850470203, "attribute": 0.011411279850470203, "display": 0.011411279850470203}, "haskell": {}, "java": {}, "c++": {}, "ruby": {}, "c": {}, "perl": {}, "objective-c": {}, "vba": {}}