{"rust": {"w": 0.008676363605916159, "h": 0.011827115660651779, "e": 0.08036992836377829, "n": 0.04328146794210221, " ": 0.10740677845485869, "i": 0.04577608718316717, "t": 0.06377494922947487, "r": 0.04715611689172097, "d": 0.0222526936142957, "g": 0.01721673618000018, "o": 0.03942551891653389, "c": 0.026138574861528912, "f": 0.014144301628960942, "l": 0.03538278665618456, "m": 0.022634344869503283, "p": 0.02211657915062165, "a": 0.04287537718219505, "q": 0.0019859257625642265, "u": 0.02515667455907862, "k": 0.005707982097613008, "s": 0.042562971190302945, "b": 0.009785306131659599, "j": 0.0008807170500387773, "v": 0.007262390140835157, "z": 0.0012406751590294343, "0": 0.0031714577462172095, "3": 0.00307832842149078, "x": 0.004628570640048227, "y": 0.009655085538437089, "5": 0.0008248949995317822, "4": 0.001326089993636047, "2": 0.0025479109388126487, "1": 0.00266498604087099, "6": 0.0011624502292144907, "9": 0.0018407390585092726, "8": 0.0010723758425755085, "7": 0.0006933166560481851}, "typescript": {"i": 0.04555128500453578, "n": 0.04484141714046866, " ": 0.09547998566539924, "v": 0.008566954260155796, "u": 0.0228399073738285, "e": 0.08225641788387558, "p": 0.025423029866147005, "r": 0.04715130641541293, "o": 0.04736049913668734, "j": 0.0032142532676041995, "c": 0.029739116229859384, "t": 0.06375024774334143, "y": 0.010454868085178648, "g": 0.018587693224620356, "m": 0.019960291408034105, "s": 0.045548835572422175, "d": 0.02444869812563144, "l": 0.03537479207437441, "b": 0.009631241862492163, "f": 0.01032153296760555, "a": 0.044279207027554925, "x": 0.003872496077735077, "h": 0.011068553668388098, "w": 0.007285321628136399, "k": 0.005894231167162732, "q": 0.002000494212473086, "3": 0.0020673394018327577, "9": 0.0015417398849375482, "6": 0.0005475509161422735, "1": 0.0019232342621418512, "5": 0.0007168982951717973, "2": 0.0017560558458999422, "0": 0.001954160679820424, "z": 0.0006476597675637233, "4": 0.0007911478747374633, "7": 0.00046127855146939925, "8": 0.000394826019166106}, "python": {"i": 0.0463778138394626, " ": 0.10346653028208375, "t": 0.055973579570453146, "r": 0.042178960187525726, "y": 0.011099315774777907, "n": 0.042831723644720834, "g": 0.016226379727933785, "u": 0.02133550424493185, "s": 0.04379877190050829, "e": 0.07580634079403023, "l": 0.034062399323606024, "o": 0.040464020705301425, "c": 0.024413992191856228, "f": 0.012759108724108452, "a": 0.04433453391794498, "z": 0.001108815196446039, "h": 0.012469370857840755, "w": 0.008482242903687723, "v": 0.006511763130776794, "m": 0.019098236306180048, "p": 0.023590358547527213, "x": 0.005345699780518795, "d": 0.02559190868409291, "b": 0.009064812222214719, "k": 0.00664149198681588, "j": 0.001711391946114364, "8": 0.0018293517250114893, "6": 0.0021071691974311156, "3": 0.00480613803246199, "4": 0.002667494960159806, "1": 0.00733055464051026, "0": 0.008762733637915309, "2": 0.005233338719747773, "q": 0.002392855138568509, "9": 0.003301562397666546, "5": 0.0026000077092343415, "7": 0.0019282960378406771}, "kotlin": {"t": 0.06384197731181562, "r": 0.0467137331812037, "y": 0.010090701364084709, " ": 0.08104032593261998, "u": 0.021795874050200652, "s": 0.041084159050483016, "i": 0.05262070452899993, "n": 0.04803212514823605, "g": 0.017510647045791382, "l": 0.03750731967882337, "e": 0.07960874902301976, "p": 0.021134610019078532, "o": 0.04585705026956513, "v": 0.012567966794612515, "a": 0.054403408038300974, "d": 0.027025153168477003, "m": 0.018001889679917206, "f": 0.010576553132541114, "c": 0.02854949014597515, "b": 0.00972235652532767, "h": 0.010445081072379158, "x": 0.004456596117822919, "k": 0.007251341710597597, "z": 0.0008425086527663855, "q": 0.0016104978822490323, "w": 0.007868433174316415, "2": 0.0018200910216376583, "1": 0.0025294778234553257, "0": 0.002561520943102434, "j": 0.0037702366775500553, "3": 0.0018070785872631983, "4": 0.0009264620909716079, "8": 0.0007329718391213765, "9": 0.0012681546757509587, "7": 0.0006596607133152662, "5": 0.0008093269451115121, "6": 0.0006603345715239436}, "go": {"i": 0.04632118835266776, " ": 0.10539275335256897, "u": 0.023404648075493934, "s": 0.04251700797446268, "n": 0.04729395605705361, "g": 0.02029065041794, "d": 0.023503926045251297, "l": 0.031563587461534114, "v": 0.006938581027037476, "e": 0.07869979356162991, "b": 0.009116547028091079, "o": 0.04286323678377939, "a": 0.043505931009050716, "r": 0.04792801277904852, "c": 0.028453535330168173, "m": 0.020045281343383944, "p": 0.021689446087426754, "f": 0.012970810707187003, "y": 0.01015834366812633, "h": 0.012193702001916584, "t": 0.05530500930160596, "w": 0.007995200049238435, "k": 0.007017224961190057, "x": 0.004459262133895477, "1": 0.003621282134958935, "7": 0.0009953745030846215, "0": 0.0052170697515976005, "5": 0.0012535221061504382, "q": 0.0027867855735577408, "3": 0.0026293732967691734, "9": 0.001926038822158046, "2": 0.0026229040556321023, "z": 0.0008864637621836009, "j": 0.0018868501498854038, "4": 0.0017713990772853664, "6": 0.0013496187732607219, "8": 0.0011302510717363587}, "dart": {"o": 0.04316191195568846, "p": 0.020032006057525864, "t": 0.06751766298747479, "i": 0.04988264854855027, "n": 0.04433835819011624, " ": 0.09075467616773514, "w": 0.009980933081784077, "r": 0.04535672794711693, "a": 0.04809336153356758, "g": 0.018737853042100037, "e": 0.08156844378745322, "s": 0.04225876267747464, "v": 0.007072875500772612, "d": 0.03062420962373148, "m": 0.017094734425532946, "h": 0.012625475342912458, "l": 0.03631473380958667, "k": 0.005923189729617886, "c": 0.028007736405987298, "f": 0.01105766551174212, "u": 0.022177259577244476, "y": 0.008571625016576939, "x": 0.005868392937463426, "b": 0.010068346233208984, "1": 0.002672382302993123, "2": 0.0020353655048846848, "0": 0.003530516425383346, "3": 0.002010175337745023, "9": 0.0015489335630669788, "z": 0.0010211177752341145, "q": 0.0015677116876619999, "j": 0.0015404277923444956, "5": 0.0011293046359235456, "4": 0.001078728014627549, "6": 0.0008729537921490118, "7": 0.0007689543878152648, "8": 0.0008384072772146183}, "c#": {"j": 0.0019128789929190625, "u": 0.021774303169317614, "s": 0.045098571883000545, "t": 0.06442649041732874, " ": 0.09289372574658143, "p": 0.02087269687791699, "r": 0.044421104401006446, "o": 0.043482125757554495, "b": 0.010933829584297408, "e": 0.083761801733866, "n": 0.04492377274712188, "v": 0.008627839737779117, "d": 0.026626446173897117, "f": 0.009498268365719804, "i": 0.04962458835896898, "l": 0.03546883997214136, "a": 0.04585526330546336, "x": 0.0049859210487530154, "m": 0.01925305129792375, "g": 0.01857991329059352, "y": 0.010577029136133837, "c": 0.029774355466135525, "w": 0.009578431720502385, "k": 0.005905362597416748, "h": 0.0116257150338042, "3": 0.0020663711229834004, "9": 0.0015049281161009134, "q": 0.0024301150682494027, "2": 0.001695302469009343, "0": 0.002886507048382162, "z": 0.0009785429622356048, "1": 0.0023451865683965256, "5": 0.0007994143516930741, "4": 0.0008443156329554641, "6": 0.0006061809117424669, "7": 0.0005210209619861753, "8": 0.0005443565581304253}, "javascript": {"a": 0.04581202447854501, "f": 0.010511119265078465, "t": 0.06666935852176185, "e": 0.07819539233609021, "r": 0.04226031043322898, " ": 0.09641105511045168, "s": 0.042767930000206816, "c": 0.02869741485177603, "h": 0.01345797743942002, "i": 0.04475480572264452, "b": 0.009760694881778402, "l": 0.03884413368718915, "n": 0.04339508947739129, "d": 0.027145142593934957, "p": 0.021122859788942197, "w": 0.008184789766075166, "o": 0.043261267840131255, "k": 0.006381644443511566, "x": 0.004662582016154086, "j": 0.003008065575998951, "m": 0.01816960265897282, "v": 0.009642654243784075, "u": 0.022230682846111953, "g": 0.020416826228258304, "y": 0.009779999943563778, "3": 0.0026791839869923654, "9": 0.0019431340692330544, "4": 0.00116612465288988, "7": 0.0007713523686142334, "1": 0.0032099263501518794, "0": 0.004057988904227138, "q": 0.002385048417916544, "5": 0.0012688170712261782, "2": 0.0022663276976815794,